,시도교육청,폐교명,폐교연도,지역교육청,급별,활용현황,주소
0,서울,공진중,2020,강서양천,중,미활용,서울특별시 강서구 가양동 1476
1,서울,염강초,2020,강서양천,초,미활용,서울특별시 강서구 가양동 1492
2,강원,가산초 품걸분교장,2005,춘천,초,대부,강원도 춘천시 동면 품걸리 75-1
3,강원,가정초등학교,2009,춘천,초,자체활용,강원도 춘천시 남면 가정리 838-1
4,강원,가천초등학교,1994,횡성,초,대부,강원도 횡성군 강림면 강림리 212
5,강원,가평초등학교,2020,평창,초,대부,강원도 평창군 대화면 하안미리 417
6,강원,간성초 선혜분교장,1990,고성,초,대부,강원도 고성군 간성읍 탑동2리 산142-1
7,강원,간척초등학교,1999,화천,초,대부,강원도 화천군 간동면 간척리 474
8,강원,갈래초 대성분교장,1998,정선,초,미활용,강원도 정선군 고한읍 고한리 334-65
9,강원,갑천초 금성분교장,2018,횡성,초,대부,강원도 횡성군 갑천면 하대리 44
10,강원,강림초 부곡분교장,2011,횡성,초,대부,강원도 횡성군 강림면 부곡리 617
11,강원,강림초 월현분교장,1995,횡성,초,대부,강원도 횡성군 강림면 월현리 1314
12,강원,강포초등학교,2012,철원,초,대부,강원도 철원군 갈말읍   강포리 81-4
13,강원,거진초 송정분교장,2016,고성,초,자체활용,강원도 고성군 거진읍 송정리 139
14,강원,계촌초 대미분교장,2012,평창,초,대부,강원도 평창군 방림면 계촌리 520
15,강원,계촌초 방의분교장,1994,평창,초,미활용,강원도 평창군 방림면 계촌리 2290
16,강원,공근초 광덕분교장,2012,횡성,초,대부,강원도 횡성군 공근면 초원리 134-1
17,강원,광덕초등학교,2005,양구,초,대부,강원도 양구군 남면 적리 490-1
18,강원,구송초 화성분교장,2007,홍천,초,대부,강원도 홍천군 화촌면 구성포리 950-2
19,강원,군평초등학교,1999,홍천,초,대부,강원도 홍천군 화촌면 장평리 887-1
20,강원,궁촌초 양지분교장,1994,삼척,초,대부,강원도 삼척시 근덕면  궁촌리 23
21,강원,귀래초 귀운분교장,2016,원주,초,미활용,강원도 원주시 귀래면 귀래리 1343
22,강원,근덕초 교곡분교장,1999,삼척,초,대부,강원도 삼척시 근덕면  교굑리 253
23,강원,근덕초 노곡분교장,2016,삼척,초,미활용,강원도 삼척시 노곡면 하월산리 162-3
24,강원,근덕초 동막분교장,2018,삼척,초,미활용,강원도 삼척시 근덕면 동막리 381
25,강원,근덕초 마읍분교장,2016,삼척,초,미활용,강원도 삼척시 노곡면 중마읍리 102
26,강원,금병초 혈동분교장,1998,춘천,초,대부,강원도 춘천시 신동면 혈동리 170
27,강원,기화초 한탄분교장,1994,평창,초,대부,강원도 평창군 미탄면 한탄리 231
28,강원,남산초 발산분교장,2006,춘천,초,대부,강원도 춘천시 남면 발산리 77-3
29,강원,남산초 삼창분교장,1997,홍천,초,대부,강원도 홍천군 홍천읍 삼마치리 174-1
30,강원,남산초 장전분교장,1997,홍천,초,자체활용,강원도 홍천군 홍천읍 장전평리 252
31,강원,남선초 광덕분교장,2005,정선,초,대부,강원도 정선군 남면 광덕리 1058
32,강원,남선초 자미분교장,1994,정선, 초,대부,강원도 정선군 남면 문곡리 265-1
33,강원,남천초등학교장,2008,속초양양,초,미활용,강원도 양양군 현북면 도리19
34,강원,남평초 문곡분교장,1993,정선,초,미활용,강원도 정선군 북평면 문곡리 265-1
35,강원,내덕초,2000,영월,초,미활용,강원도 영월군 상동읍 내덕리 227-2
36,강원,내촌초 동창분교장,2021,홍천,초,미활용,강원도 홍천군 내촌면 동창로 143
37,강원,내촌초 신촌분교장,1997,홍천,초,대부,강원도 홍천군 내촌면 물걸리 1206-1
38,강원,내촌초 연지분교장,1999,홍천,초,대부,강원도 홍천군 내촌면 화상대리 130-1
39,강원,내촌초 와야분교장,2009,홍천,초,대부,강원도 홍천군 내촌면 와야리 881-1
40,강원,내촌초 협성분교장,1999,홍천,초,대부,강원도 홍천군 두촌면 괘석리 420-1
41,강원,노곡초 여삼분교장,1995,삼척,초,대부,강원도 삼척시 노곡면  여삼리 193-5
42,강원,노림초등학교,2004,원주,초,대부,강원도 원주시 부론면 노림리 403
43,강원,노천초 화방분교장,1994,홍천,초,대부,강원도 홍천군 동면 노천리 623-1
44,강원,다수초등학교,1999,평창,초,미활용,강원도 평창군 평창읍 다수리 304
45,강원,대붕초등학교,1999,화천,초,자체활용,강원도 화천군 화천읍 대이리 98-3
46,강원,대진초 마달분교장,1994,고성,초,대부,강원도 고성군 현내면 마달리 198
47,강원,대화초 개수분교장,1999,평창,초,대부,강원도 평창군 대화면 개수리 742-1
48,강원,도계초 동덕분교장,2007,삼척,초,미활용,강원도 삼척시 도계읍 상덕리 89-1
49,강원,두일초등학교,2009,평창,초,대부,강원도 평창군 진부면 두일리 144-2
50,강원,두촌초 원동분교장,1996,홍천,초,미활용,강원도 홍천군 두촌면 원동리 212
51,강원,두촌초 장남분교장,1996,홍천,초,대부,강원도 홍천군 두촌면 장남리 473-1
52,강원,둔내초 덕성분교장,2016,횡성,초,미활용,강원도 횡성군 둔내면 화동리 504-1
53,강원,둔내초 영호분교장,2008,횡성,초,미활용,강원도 횡성군 둔내면 영랑리 363
54,강원,둔내초 조항분교장,1999,횡성,초,대부,강원도 횡성군 둔내면 조항리 554-5
55,강원,등매초 유포분교장,1997,평창,초,대부,강원도 평창군 봉평면 유포리 597-5
56,강원,마읍초 주지분교장,1992,삼척,초,대부,강원도 삼척시 노곡면  주지리 180
57,강원,마차초 공기분교장,2020,영월,초,대부,강원도 영월군 북면  공기리 799
58,강원,마차초 연덕분교장,2018,영월,초,미활용,강원도 영월군 북면 연덕리 604-4
59,강원,마현초등학교,2007,철원,초,대부,강원도 철원군 근남면 마현리 1270
60,강원,만천초 명성분교장,2000,춘천,초,대부,강원도 춘천시 동면 상걸리 336
61,강원,맹방초 금계분교장,1995,삼척,초,대부,강원도 삼척시 근덕면  금계리 193
62,강원,모곡초 동막분교장,1993,홍천,초,미활용,강원도 홍천군 서면 동막리 473-1
63,강원,무이초 흥정분교장,1996,평창,초,대부,강원도 평창군 봉평면 흥정리 356
64,강원,문곡초 덕상분교장,1996,영월,초,미활용,강원도 영월군 북면 덕상리 275-2
65,강원,문막초 취병분교장,2014,원주,초,대부,강원도 원주시 문막읍 취병리 358
66,강원,문혜초 대곡분교장,1995,철원,초,미활용,강원도 철원군 갈말읍 문혜리 48-1
67,강원,미동초 하사미분교장,1995,태백,초,미활용,강원도 태백시 하사미동 163-1
68,강원,미로초 동산분교장,1998,삼척,초,미활용,강원도 삼척시 미로면 동산리 49-1
69,강원,미로초 천기분교장,2002,삼척,초,미활용,강원도 삼척시 미로면 상정리 187
70,강원,반계초 대둔분교장,1999,원주,초,대부,강원도 원주시 문막읍 대둔리 31
71,강원,반곡초 팔봉분교장,1999,홍천,초,대부,강원도 홍천군 서면 팔봉리 814-1
72,강원,발산중학교,2002,춘천,중,대부,강원도 춘천시 남면  발산리 642
73,강원,벽탄초 비룡분교장,1997,정선,초,대부,강원도 정선군 정선읍 용탄리 207
74,강원,벽탄초 행매분교장,1994,정선,초,대부,강원도 정선군 정선읍 용탄리 1284
75,강원,봉덕초등학교,2005,횡성,초,대부,강원도 횡성군 청일면 갑천리 360
76,강원,봉래초 거운분교장,2022,영월,초,미활용,강원도 영월군 영월읍 거운리 529-8
77,강원,봉양초 덕산분교장,1990,정선,초,대부,강원도 정선군 정선읍 덕우리 27
78,강원,봉양초 여탄분교장,1992,정선,초,대부,강원도 정선군 정선읍 여탄리 317
79,강원,봉양초 정덕분교장,1999,정선,초,대부,강원도 정선군 정선읍 덕우리 477
80,강원,부론초 단강분교장,2007,원주,초,미활용,강원도 원주시 부론면 단강리 1380
81,강원,부론초 손곡분교장,1999,원주,초,대부,강원도 원주시 부론면 손곡리 1382
82,강원,부평초 수내분교장,1993,인제,초,미활용,강원도 인제군 남면 상수내리 144-6
83,강원,부평초 신월분교장,2017,인제,초,미활용,강원도 인제군 남면 신월리 244
84,강원,비봉초 군량분교장,1999,양구,초,대부,강원도 양구군 양구읍 군량리 450
85,강원,사북여자중학교,2010,정선,중,자체활용,강원도 정선군 사북읍 사북리 268-1
86,강원,사음초등학교,2013,정선,초,자체활용,강원도 정선군 사북읍 사북리 270
87,강원,사천초 사기막분교장,1996,강릉,초,대부,강원도 강릉시 사천면 사기막리 534-2
88,강원,삼덕초 삼교분교장,1994,강릉,초,대부,강원도 강릉시 주문진읍 삼교리 126
89,강원,삼산초 소금강분교장,1995,강릉,초,대부,강원도 강릉시 연곡면 삼산리 375
90,강원,삼생초 서광분교장,1994,홍천,초,대부,강원도 홍천군 서석면 생곡리 167-2
91,강원,삼포초 당무분교장,1997,홍천,초,미활용,강원도 홍천군 화촌면 군업리 1128
92,강원,상승초 노동분교장,2019,화천,초,미활용,강원도 화천군 상서면 노동리 504-2
93,강원,상창초 신흥분교장,1995,횡성,초,미활용,강원도 횡성군 공근면 어둔리 171-1
94,강원,상창초등학교,2009,횡성,초,대부,강원도 횡성군 공근면 부창리 208-5
95,강원,상천초 물로분교장,1994,춘천,초,대부,강원도 춘천시 북산면 물로리 604-2
96,강원,상천초 조교분교장,1994,춘천,초,대부,강원도 춘천시 북산면 조교리 295-1
97,강원,서상초 삼선분교장,1995,춘천,초,대부,강원도 춘천시 서면 서상리 801-2
98,강원,서석초 가구분교장,1995,홍천,초,대부,강원도 홍천군 서석면 수하리 1290-1
99,강원,서석초 송촌분교장,1994,홍천,초,대부,강원도 홍천군 서석면 어론리 564-5
100,강원,서석초 항곡분교장,2016,홍천,초,대부,강원도 홍천군 서석면 수하리 398-3
101,강원,서원초 옥인분교장,1994,횡성,초,대부,강원도 횡성군 서원면 옥계리 488
102,강원,성덕초 병산분교장,2004,강릉,초,자체활용,강원도 강릉시 병산동 445-5
103,강원,성산초 보광분교장,1998,강릉,초,대부,강원도 강릉시 성산면 보광리 308
104,강원,소달중학교,2018,삼척,중,대부,강원도 삼척시 도계읍  고사리 197-7
105,강원,속사초 계방분교장,1998,평창,초,자체활용,강원도 평창군 용평면 노동리 320-10
106,강원,속초초 노천분교장,2017,홍천,초,자체활용,강원도 홍천군 동면 노천리 1441
107,강원,속초초 신봉분교장,1994,홍천,초,대부,강원도 홍천군 동면 신봉리 211-1
108,강원,속초초 월운분교장,2022,홍천,초,미활용,강원도 홍천군 영귀미면 월운리 334-4
109,강원,속초초 좌운분교장,2021,홍천,초,미활용,강원도 홍천군 동면 금계로 1534
110,강원,송화초 서원분교장,1995,춘천,초,자체활용,강원도 춘천시 신북읍 용산리 725-2
111,강원,수항초등학교,1997,평창,초,미활용,강원도 평창군 진부면 수항리 278-3
112,강원,신동초 마차분교장,2003,삼척,초,대부,강원도 삼척시 신기면  마치리 505-2
113,강원,신림초 구학분교장,1996,원주,초,대부,강원도 원주시 신림면 구학리 273
114,강원,신림초 성림분교장,1996,원주,초,자체활용,강원도 원주시 신림면 성남리 527
115,강원,신왕초 부연분교장,2007,강릉,초,미활용,강원도 강릉시 연곡면 삼산리 1279
116,강원,신천중학교,2022,영월,중,미활용,강원도 영월군 한반도면 신천리 615-2
117,강원,쌍룡초 토교분교장,2021,영월,초,미활용,강원도 영월군 남면 토교리 496-1
118,강원,쌍룡초 후탄분교장,1994,영월,초,대부,강원도 영월군   한반도면  후탄리 911
119,강원,안미초 선애분교장,2005,평창,초,대부,강원도 평창군 대화면 상안미리 888-1
120,강원,약수초 입탄분교장,2001,평창,초,미활용,강원도 평창군 평창읍 입탄리 368-2
121,강원,약수초등학교,2016,평창,초,대부,강원도 평창군 평창읍 약수리 160
122,강원,양구초 서호분교장,1991,양구,초,대부,강원도 양구군 양구읍 상무룡1리 828
123,강원,양구초 월명분교장,1999,양구,초,대부,강원도 양구군 양구읍 월명리 230
124,강원,여량초 구절분교장,2013,정선,초,대부,강원도 정선군 여량면 구절리276-1
125,강원,여량초 남곡분교장,1994,정선,초,대부,강원도 정선군 여량면 남곡리 226
126,강원,여량초 자개분교장,1991,정선,초,대부,강원도 정선군 여량면 구절리 377-1
127,강원,연곡초 삼산분교장,1999,강릉,초,미활용,강원도 강릉시 연곡면 삼산리 739
128,강원,연곡초 퇴곡분교장,2000,강릉,초,대부,강원도 강릉시 연곡면 퇴곡리 225
129,강원,연상초 화라분교장,1994,영월,초,미활용,강원도 영월군 산솔면 화원리 441-1
130,강원,영월초 연상분교장,2019,영월,초,대부,강원도 영월군 중동면 연상리 70-2
131,강원,영월초 팔괴분교장,1997,영월,초,대부,강원도 영월군   영월읍  팔괴리 324-1
132,강원,예미초 고성분교장,2013,정선,초,자체활용,강원도 정선군 신동읍 고성리 812
133,강원,오안초 삼마치분교장,1998,홍천,초,대부,강원도 홍천군 홍천읍 삼마치리 681-1
134,강원,옥계초 남양분교장,2011,강릉,초,대부,강원도 강릉시 옥계면 남양리 528
135,강원,옥계초 북동분교장,1995,강릉,초,대부,강원도 강릉시 옥계면  북동리 18
136,강원,옥계초 산계분교장,1995,강릉,초,대부,강원도 강릉시 옥계면 산계리 816-1
137,강원,옥동초 각동분교장,1993,영월,초,대부,강원도 영월군   김삿갓면  각동리 18-1
138,강원,옥동초 대야분교장,1993,영월,초,대부,강원도 영월군   김삿갓면  대야리 764
139,강원,왕산초 고단분교장,2010,강릉,초,대부,강원도 강릉시 왕산면 고단리 32-18
140,강원,왕산초 매지분교장,1994,강릉,초,대부,강원도 강릉시 왕산면 대기리 1133-1
141,강원,왕산초 송현분교장,1993,강릉,초,대부,강원도 강릉시 왕산면 송현리 138-1
142,강원,용둔초등학교,1996,횡성,초,대부,강원도 횡성군 우천면 용둔리 75-2
143,강원,용암초등학교,1998,원주,초,대부,강원도 원주시 귀래면 용암리 906
144,강원,용전초 도원분교장,1996,평창,초,대부,강원도 평창군 용평면 도사리 210-1
145,강원,원당초 광원분교장,1994,홍천,초,대부,강원도 홍천군 내면 광원리 782-22
146,강원,원당초 명개분교장,1994,홍천,초,대부,강원도 홍천군 내면 명개리 178
147,강원,원당초 생둔분교장,1993,홍천,초,대부,강원도 홍천군 내면 율전리 221-4
148,강원,유현초 금대분교장,2002,횡성,초,대부,강원도 횡성군 서원면 금대리 204-10
149,강원,율전초 광문분교장,1999,홍천,초,대부,강원도 홍천군 내면 방내리 169-2
150,강원,율전초 문암분교장,1997,홍천,초,대부,강원도 홍천군 내면 율전리 696-1
151,강원,율전초 방내분교장,2012,홍천,초,대부,강원도 홍천군 내면 방내리 797-5
152,강원,인구초 임호분교장,2021,속초양양,초,미활용,강원도 양양군 현남면 임호정리 256
153,강원,인제초 군량분교장,1993,인제,초,미활용,강원도 인제군 인제읍 귀둔리 984-1
154,강원,임계초 고양분교장,1995,정선,초,대부,강원도 정선군 임계면 고양리 124
155,강원,임계초 문래분교장,2009,정선,초,대부,강원도 정선군 임계면 문래리 423-1
156,강원,임계초 성남분교장,1990,정선,초,대부,강원도 정선군 임계면 임계리 1300
157,강원,임계초 소란분교장,2003,정선,초,대부,강원도 정선군 임계면 송계리 882-8
158,강원,잠곡초등학교,2006,철원,초,대부,강원도 철원군 근남면 잠곡리 451-1
159,강원,장열초등학교,1991,정선,초,대부,강원도 정선군 북평면 장열리 247-2
160,강원,장평초 용전분교장,2002,평창,초,대부,강원도 평창군 용평면 용전리 71-2
161,강원,장호중학교,2022,삼척,중,미활용,강원도 삼척시 근덕면 장호리 201
162,강원,정선중 벽탄분교장,1999,정선,중,자체활용,강원도 정선군 정선읍 용탄리 697-1
163,강원,정선초 귤암분교장,1995,정선,초,대부,강원도 정선군 정선읍 귤암리 171
164,강원,정선초 덕송분교장,1991,정선,초,대부,강원도 정선군 정선읍 덕송리 166
165,강원,정선초 생탄분교장,1998,정선,초,대부,강원도 정선군 정선읍 봉양리 848-1
166,강원,정선초 신월분교장,1994,정선,초,자체활용,강원도 정선군 정선읍 신월리 754-1
167,강원,정연초등학교,2002,철원,초,자체활용,강원도 철원군 갈말읍 정연리 1161
168,강원,제비초등학교,1999,강릉,초,대부,강원도 강릉시 구정면 제비리 504
169,강원,조산초 적은분교장,1999,속초양양,초,대부,강원도 양양군 강현면 적은리 84
170,강원,주봉초 와동분교장,2015,홍천,초,대부,강원도 홍천군 홍천읍 와동리 275
171,강원,주천초 결운분교장,1995,영월,초,대부,강원도 영월군   주천면  금마리 550-3
172,강원,죽리초 웅진분교장,1994,양구,초,대부,강원도 양구군 양구읍 웅진리 407-2
173,강원,죽왕초 구성분교장,2005,고성,초,대부,강원도 고성군 죽왕면 구성리 118-5
174,강원,죽정초,2008,고성,초,미활용,강원도 고성군 현내면 죽정리 365
175,강원,지정초 송암분교장,2003,원주,초,미활용,강원도 원주시 지정면 월송리 451
176,강원,지정초 안창분교장,1993,원주,초,대부,강원도 원주시 지정면 안창리 81
177,강원,지정초 판대분교장,1994,원주,초,대부,강원도 원주시 지정면 판대리 427
178,강원,지촌초 원평분교장,1997,춘천,초,대부,강원도 춘천시 사북면 원평리 478-2
179,강원,창원초등학교,1994,영월,초,대부,강원도 영월군   남면  창원리 887-5
180,강원,창촌초 운두분교장,2009,홍천,초,대부,강원도 홍천군 내면 자운리 413
181,강원,창촌초 원자분교장,1994,홍천,초,대부,강원도 홍천군 내면 자운리 1171-3
182,강원,천전초 부귀분교장,1995,춘천,초,자체활용,강원도 춘천시 북산면 부귀리 433-1
183,강원,철암초 백산분교장,2008,태백,초,대부,강원도 태백시 백산동 89
184,강원,초계초등학교,1995,고성,초,자체활용,강원도 고성군 거진읍 대대리 315-1
185,강원,판운초 중선분교장,1998,영월,초,대부,강원도 영월군   주천면  판운리 1119
186,강원,평창초 도돈분교장,1999,평창,초,대부,강원도 평창군 평창읍 도돈리 35
187,강원,하장고등학교,2022,삼척,고,자체활용,강원도 삼척시 하장면  광동리 121
188,강원,하장초 갈전분교장,2011,삼척,초,미활용,강원도 삼척시 하장읍 갈전리 365
189,강원,하장초 토산분교장,2002,삼척,초,대부,강원도 삼척시 하장면  토산리 225
190,강원,현성초 면옥치분교장,1997,속초양양,초,대부,강원도 양양군 현북면 면옥치리 141
191,강원,현천초등학교,1999,횡성,초,자체활용,강원도 횡성군 둔내면 현천리 1103
192,강원,화계초 노일분교장,2017,홍천,초,대부,강원도 홍천군 북방면 노일리 469-1
193,강원,화계초 성동분교장,2013,홍천,초,대부,강원도 홍천군 북방면 성동리 642-5
194,강원,화계초 역전분교장,1994,홍천,초,대부,강원도 홍천군 북방면 역전평리 91
195,강원,화계초 화양분교장,1994,홍천,초,미활용,강원도 홍천군 북방면 굴지리 243-2
196,강원,화동초 북동분교장,2010,정선,초,대부,강원도 정선군 화암면 북동리 182
197,강원,화전초등학교,2015,태백,초,대부,강원도 태백시 화전동 167-2
198,강원,화촌초 율촌분교장,1994,홍천,초,대부,강원도 홍천군 화촌면 주음치리 271
199,강원,횡성초 당평분교장,2016,횡성,초,대부,강원도 횡성군 갑천면 추동리 70-14
200,강원,후용초등학교,2000,원주,초,대부,강원도 원주시 문막읍 후용리 389
201,강원,흥업초 사제분교장,2000,원주,초,대부,강원도 원주시 흥업면 사제리 534
202,경기,(구)고양중,2013,고양,중,자체활용,경기도 고양시 삼송동 45
203,경기,(구)교하중,2006,파주,중,자체활용,경기도 파주시 다율동 56-8
204,경기,(구)군남초,2001,연천,초,대부,경기도 연천군 군남면 삼거리 597
205,경기,(구)군서초,1999,시흥,초,자체활용,경기도 시흥시 정왕동 806-20
206,경기,(구)대광중,2020,연천,중,자체활용,경기도 연천군 신서면 도신리 228
207,경기,(구)동패초,2020,파주,초,자체활용,경기도 파주시 동패동 1795
208,경기,(구)목동초,1999,가평,초,미활용,경기도 가평군 북면 목동리919
209,경기,(구)백성초,2018,안성,초,자체활용,경기도 안성시 금산동 119
210,경기,(구)별내초,1999,구리남양주,초,자체활용,경기도 남양주시 별내면 광전리 145-5
211,경기,(구)보개초,2021,안성,초,자체활용,경기도 안성시 보개면 복평리 162
212,경기,(구)삼송초,2014,고양,초,미활용,경기도 고양시 삼송동 62
213,경기,(구)상신초,2017,화성오산,초,대부,경기도 화성시 향납읍 상신리 874
214,경기,(구)율면초,2001,이천,초,자체활용,경기도 이천시 율면 오성리 550-5
215,경기,(구)화정초,1994,안산,초,대부,경기도 안산시 단원구 화정동 519
216,경기,가납초 현암분교장,1991,동두천양주,초,미활용,경기도 양주시 광적면 비암리 231-4
217,경기,가양초 비금분교장,1989,구리남양주,초,대부,경기도 남양주시 수동면 내방리 325-3
218,경기,가평초 이화분교장,1989,가평,초,자체활용,경기도 가평군 가평읍  이화리 220
219,경기,강남초,1994,양평,초,대부,경기도 양평군 강하면 동오리 178-1
220,경기,강천초 강남분교장,1999,여주,초,대부,경기도 여주시 강천면 굴암리 9-3
221,경기,강천초 걸은분교장,2002,여주,초,대부,경기도 여주시 강천면 걸은리 625-1
222,경기,계정초,2007,양평,초,대부,경기도 양평군 양동면 계정리 1000
223,경기,고삼초고동분교장,1994,안성,초,대부,경기도 안성시 고삼면 쌍지리 769-2
224,경기,공제초,1996,안성,초,대부,경기도 안성시 공도읍 불당리 63-2
225,경기,관인초 사정분교장,1992,포천,초,대부,경기도 포천시 관인면 사정리 136-1
226,경기,군남초 북삼분교장,1991,연천,초,대부,경기도 연천군 왕징면  북삼리 160-4
227,경기,군서중,2021,시흥,중,자체활용,경기도 시흥시 정왕동 1605
228,경기,금곡초,1998,파주,초,대부,경기도 파주시 법원읍 금곡리 336-5
229,경기,금광초 대문분교장,1996,안성,초,자체활용,경기도 안성시 금광면 현곡리 53-3
230,경기,금왕초,1994,양평,초,대부,경기도 양평군 양동면 금왕리 732
231,경기,금주초,2022,포천,초,미활용,경기도 포천시 영중면 금주리 522-1
232,경기,기흥중,2019,본청,중,자체활용,경기도 용인시 기흥구 신갈동 2-3
233,경기,남사초 서촌분교장,1991,용인,초,대부,경기도 처인구 남사읍 통삼리 239-1외 2필지
234,경기,남양주송촌초 시우분교장,1992,구리남양주,초,대부,경기도 남양주시 조안면 시우리 122-20
235,경기,냉정초,1990,포천,초,미활용,경기도 포천시 관인면 냉정리 339
236,경기,대광초 내산분교장,1989,연천,초,자체활용,경기도 연천군 신서면 내산리 154-1
237,경기,대광초 신탄분교장,1990,연천,초,자체활용,경기도 연천군 신서면 대광리 174
238,경기,대동초 선감분교장,1990,안산,초,자체활용,경기도 안산시 단원구 선감동 667-2
239,경기,대신초 옥촌분교장,1999,여주,초,대부,경기도 여주시 대신면 옥촌리 831-1
240,경기,덕산초 대장분교장,2021,부천,초,미활용,경기도 부천시 대장동 196-1
241,경기,도수초 삼성분교장,1995,광주하남,초,자체활용,경기도 경기 광주시 남종면 삼성리  347
242,경기,동두천초 걸산분교장,1999,동두천양주,초,미활용,경기도 동두천시 걸산동 50-8
243,경기,마산초 어도분교장,1994,화성오산,초,대부,경기도 화성시 송산면 고포리 826-1
244,경기,마석초 녹촌분교장,2019,구리남양주,초,대부,경기도 남양주시 화도읍 녹촌리 272
245,경기,만선초 봉현분교장,1995,광주하남,초,대부,"경기도 광주시 곤지암읍 봉현리 118-1, 303-3"
246,경기,목동초 광악분교장,1993,가평,초,대부,경기도 가평군 북면 화악리 845
247,경기,목동초 도대분교장,1995,가평,초,미활용,경기도 가평군 북면 도대리 139-4
248,경기,목동초 백둔분교장,1995,가평,초,대부,경기도 가평군 북면 백둔리 371-2
249,경기,목동초 화악분교장,1994,가평,초,대부,경기도 가평군 북면 화악리 564-1
250,경기,미원초 엄소분교장,2000,가평,초,대부,경기도 가평군 설악면 엄소리 234-30
251,경기,백마초 장항분교장,2011,고양,초,자체활용,경기도 고양시 장항동 580-20
252,경기,백학초 고랑포분교장,2002,연천,초,대부,경기도 연천군 장남면 원당리 678
253,경기,법원초,2019,파주,초,미활용,경기도 파주시 법원읍 법원리 500
254,경기,보개초 가율분교장,2021,안성,초,자체활용,경기도 안성시 보개면 이전리 347-2
255,경기,보장초,2015,포천,초,대부,경기도 포천시 창수면 오가리 424
256,경기,복장포초 금대분교장,1994,가평,초,자체활용,경기도 가평군 가평읍  금대리 520-5
257,경기,본죽초,2001,이천,초,자체활용,경기도 이천시 율면 본죽리 28-3
258,경기,부발초 백록분교장,2017,이천,초,자체활용,경기도 이천시 부발읍 고백리 42-3
259,경기,부안초 명성분교장,1995,양평,초,대부,경기도 양평군 단월면 명성리 144-2
260,경기,부용초 노와분교장,2002,평택,초,자체활용,경기도 평택시 팽성읍 객사리 160-1
261,경기,부천북여중,2018,부천,중,자체활용,경기도 부천시 원미구 도당동 36
262,경기,부천북중,2018,부천,중,자체활용,경기도 부천시 원미구 도당동 37
263,경기,북내초 주암분교장,2017,여주,초,대부,경기도 여주시 북내면 주암리 225-3
264,경기,분원초 검천분교장,1995,광주하남,초,대부,경기도 광주시 남종면 검천리  114-1
265,경기,비봉초 유포분교장,1992,화성오산,초,대부,경기도 화성시 비봉면 유포리 307
266,경기,산호초,1995,포천,초,자체활용,경기도 포천시 영북면 산정리 83
267,경기,삼정초 금동분교장,1990,포천,초,대부,경기도 포천시 신북면 금동리 247-1
268,경기,상색초 두밀분교장,1994,가평,초,대부,경기도 가평군 가평읍 두밀리 11-2
269,경기,서삼초,2021,안성,초,자체활용,경기도 안성시 보개면 남풍리 1070
270,경기,서신초제부분교장,2020,화성오산,초,미활용,경기도 화성시 서신면 제부리 23-1
271,경기,서탄초 금각분교장,2000,평택,초,대부,경기도 평택시 서탄면 금각리 286-4
272,경기,석장초,1996,양평,초,대부,경기도 양평군 개군면 석장리 177
273,경기,신산초 영장분교장,1994,파주,초,미활용,경기도 파주시 광탄면 영장리 256-1
274,경기,안양서여중,2017,안양과천,중,자체활용,경기도 안양시 만안구 안양동 728-2
275,경기,양동초 단석분교장,2009,양평,초,대부,경기도 양평군 양동면 쌍학리 357
276,경기,양동초 매월분교장,2007,양평,초,대부,경기도 양평군 양동면 매월리 803-1
277,경기,양동초 삼산분교장,2001,양평,초,미활용,경기도 양평군 양동면 삼산리 632-11
278,경기,양성초방축분교장,1994,안성,초,대부,경기도 안성시 양성면 방축리 187-1
279,경기,양평단월초 산음분교장,2001,양평,초,대부,경기도 양평군 단월면 산음리 231-1
280,경기,양평부안초,2004,양평,초,대부,경기도 양평군 단월면 부안리 236-1
281,경기,양평중 옥천분교장,1996,양평,초,자체활용,경기도 양평군 옥천면 옥천리 549-1
282,경기,어정초 동진원분교장,1999,용인,초,대부,경기도 기흥구 중동 669외 4필지
283,경기,연천왕산초 동중분교장,1991,연천,초,대부,경기도 연천군 왕징면 동중리 461-1
284,경기,연천왕산초 마전분교장(A),1991,연천,초,대부,경기도 연천군 미산면 1795
285,경기,연천왕산초 마전분교장(B),2008,연천,초,대부,경기도 연천군 미산면 유촌리 625
286,경기,연천초 고문분교장,2017,연천,초,대부,경기도 연천군 연천읍 고문리 259-1
287,경기,영북초 보광분교장,1995,포천,초,대부,경기도 포천시 영북면 야미리 276
288,경기,영성여중,2017,성남,중,자체활용,경기도 성남시 수정구 산성동 5
289,경기,영중초,2022,포천,초,자체활용,경기도 포천시 영중면 성동리 891-3
290,경기,영평초,2022,포천,초,미활용,경기도 포천시 영중면 영평리 240
291,경기,옥계초,2000,연천,초,대부,경기도 연천군 군남면 옥계리 475-4
292,경기,용운초,1996,파주,초,대부,경기도 파주시 적성면 객현리 385-2
293,경기,운암초,1982,포천,초,자체활용,경기도 포천시 영북면 운천리 334-3
294,경기,원곡초성은분교장,2018,안성,초,대부,경기도 안성시 원곡면 성은리 35-1
295,경기,월곶초 문수분교장,1995,김포,초,자체활용,경기도 김포시 월곶면 보구곶리 364
296,경기,유양초 천성분교장,1991,동두천양주,초,미활용,경기도 양주시 유양동 725
297,경기,율면초 월포분교장,1994,이천,초,대부,경기도 이천시 율면 월포리 610-1
298,경기,이천중 호법분교장,1994,이천,중,자체활용,경기도 이천시 호법면 후안리 295
299,경기,장암초,1998,안성,초,대부,경기도 안성시 일죽면 장암리 204
300,경기,장암초금산분교장,1995,안성,초,대부,경기도 안성시 일죽면 금산리 232-1
301,경기,장호원상업고,2001,이천,고,자체활용,경기도 이천시 장호원읍 노탑리 717
302,경기,장호원여중,2001,이천,중,자체활용,경기도 이천시 장호원읍 노탑리 717
303,경기,적성초,1998,파주,초,자체활용,경기도 파주시 적성면 가월리 114-5
304,경기,전곡초 양원분교장,1991,연천,초,대부,경기도 연천군 전곡읍 양원리 560
305,경기,전곡초 적동분교장,2018,연천,초,자체활용,경기도 연천군 전곡읍 늘목리 111-2
306,경기,점동초 뇌곡분교장,2012,여주,초,대부,경기도 여주시 점동면 뇌곡리 172-1
307,경기,점동초 당현분교장,1996,여주,초,대부,경기도 여주시 점동면 당진리 262-1
308,경기,점동초 안평분교장,2009,여주,초,미활용,경기도 여주시 점동면 장안리 478
309,경기,정문초,1994,화성오산,초,대부,경기도 화성시 정남면 계향리 411
310,경기,조종초 운악분교장,1999,가평,초,대부,경기도 가평군 조종면 운악리 214-6
311,경기,지평초 일신분교장,2011,양평,초,대부,경기도 양평군 지평면 일신리 674
312,경기,진가초모가분교장,2010,이천,초,미활용,경기도 이천시 모가면 신갈리165-2
313,경기,창곡여중,2017,성남,중,자체활용,경기도 성남시 수정구 산성동 3
314,경기,창곡중,2017,성남,중,자체활용,경기도 성남시 수정구 산성동 3
315,경기,창문초,2000,화성오산,초,대부,경기도 화성시 남양읍 수화리 236
316,경기,청운초 갈운분교장,2000,양평,초,미활용,경기도 양평군 청운면 갈운리 472
317,경기,청운초 신론분교장,1994,양평,초,대부,경기도 양평군 청운면 신론리 291-3
318,경기,청평초 삼회분교장,2001,가평,초,자체활용,경기도 가평군 청평면  삼회리 184
319,경기,청평초 양진분교장,1994,가평,초,대부,경기도 가평군 청평면 고성리 777-2
320,경기,청평초 회곡분교장,1994,가평,초,미활용,경기도 가평군 설악면 회곡리 528
321,경기,탄벌초 목현분교장,1995,광주하남,초,자체활용,"경기도 경기 광주시 목현동 418-1,386-2,387-1,"
322,제주,가시초,2001,해당없음,초,대부,제주특별자치도 서귀포시 표선면 가시리 1924
323,제주,고산초산양분교장,1995,해당없음,초,대부,제주특별자치도 제주시 한경면 청수리 3338
324,제주,광령초상전분교장,1992,해당없음,초,자체활용,제주특별자치도 제주시 애월읍 고성리 94
325,제주,명월초,1993,해당없음,초,대부,제주특별자치도 제주시 한림읍 명월리 1734
326,제주,무릉중,1999,해당없음,증,대부,제주특별자치도 서귀포시 대정읍 무릉리 3296
327,제주,무릉초무릉동분교장,1994,해당없음,초,대부,제주특별자치도 서귀포시 대정읍 무릉리 581-1
328,제주,보성초구억분교장,1995,해당없음,초,대부,제주특별자치도 서귀포시 대정읍 구억리 889-1
329,제주,보성초신평분교장,1992,해당없음,초,대부,제주특별자치도 서귀포시 대정읍 신평리 371-1
330,제주,삼양초회천분교장,1996,해당없음,초,자체활용,제주특별자치도 제주시 회천동 2307
331,제주,서광초동광분교장,2009,해당없음,초,대부,제주특별자치도 서귀포시 안덕면 동광리 976
332,제주,신도초,1998,해당없음,초,대부,제주특별자치도 서귀포시 대정읍 신도리 1382-1
333,제주,신도초 보흥분교장,1983,해당없음,초,미활용,제주특별자치도 서귀포시  대정읍 신도리 2495
334,제주,신산중,2001,해당없음,중,미활용,제주특별자치도 서귀포시  성산읍 신산리 953
335,제주,신산초 난산분교장,1995,해당없음,초,미활용,제주특별자치도 서귀포시  성산읍 난산리 1109
336,제주,신산초삼달분교장,1998,해당없음,초,대부,제주특별자치도 서귀포시 성산읍 삼달리 437-5
337,제주,신창중,1998,해당없음,중,미활용,제주특별자치도 제주시  한경면 신창리 135
338,제주,안덕초대평분교장,1996,해당없음,초,대부,제주특별자치도 서귀포시 안덕면 창천리 850
339,제주,어도초어음분교장,1999,해당없음,초,대부,제주특별자치도 제주시 애월읍 어음리 2922
340,제주,연평초,2000,해당없음,초,대부,제주특별자치도 제주시 우도면 서광리 1457
341,제주,영락초,1995,해당없음,초,미활용,제주특별자치도 서귀포시  대정읍 영락리 1278
342,제주,영천초,2002,해당없음,초,자체활용,제주특별자치도 서귀포시 상효동 1291-2
343,제주,용수초,1995,해당없음,초,미활용,제주특별자치도 제주시 한경면 용수리 3533
344,제주,장전초금덕분교장,1992,해당없음,초,대부,제주특별자치도 제주시 애월읍 유수암리 1387
345,제주,조수초,1995,해당없음,초,대부,제주특별자치도 제주시 한경면 조수리 315
346,제주,조천초신흥분교장,2010,해당없음,초,자체활용,제주특별자치도 제주시 조천읍 신흥리 94
347,제주,창천초 상천분교장,1992,해당없음,초,미활용,제주특별자치도 서귀포시  안덕면 상천리 470-2
348,제주,추자초 횡간분교장,1991,해당없음,초,미활용,제주특별자치도 제주시  추자면 대서리 산68
349,제주,판포초,1996,해당없음,초,대부,제주특별자치도 제주시 한경면 판포리 2846-1
350,제주,풍천초신풍분교장,1996,해당없음,초,대부,제주특별자치도 서귀포시 성산읍 신풍리 500
351,제주,하천초,2002,해당없음,초,자체활용,제주특별자치도 서귀포시  표선면 하천리 357-1
352,제주,화산초,2001,해당없음,초,대부,제주특별자치도 서귀포시 표선면 세화리 1811-1
353,대구,가창초우록분교,2007,달성,초,대부,대구광역시 달성군 가창면 삼산리 795
354,대구,감삼중,2011,남부,중,자체활용,대구광역시 달서구 감삼동 198-4
355,대구,경운초감삼분교,1996,서부,초,자체활용,대구광역시 서구 내당동 467-2
356,대구,남도여중,1999,남부,중,자체활용,대구광역시 남구 대명동 1819-37
357,대구,대구남중,2012,남부,중,자체활용,대구광역시 달서구 성당동 434-1
358,대구,대동초,2017,서부,초,자체활용,대구광역시 북구 산격동 1285
359,대구,도남초,2000,서부,초,자체활용,대구광역시 북구 국우동 90-1
360,대구,복명초,1998,동부,초,자체활용,대구광역시 중구 남산동 630
361,대구,복현중,2017,서부,중,자체활용,대구광역시 북구 복현동 301-17
362,대구,본리중,2016,남부,중,자체활용,대구광역시 달서구 본리동 333-1
363,대구,서진중,2018,서부,중,자체활용,대구광역시 서구 평리동 550
364,대구,성서중,1999,남부,중,자체활용,대구광역시 달서구 장기동 48
365,대구,신암중,2017,동부,중,자체활용,대구광역시 동구 신암동 75
366,대구,유가초,2016,달성,초,자체활용,대구광역시 달성군 유가읍 유곡리 978
367,대구,유가초한정분교,2007,달성,초,대부,대구광역시 달성군 유가면 한정리 224-1
368,대구,죽전중,2020,남부,중,대부,대구광역시 달서구 죽전동 176
369,대구,평광초,1994,동부,초,대부,대구광역시 동구 평광동 1096
370,경북,가음중학교,2017,의성,초,미활용,경상북도 의성군 가음면 장리 1276
371,경북,가정초등학교,1999,경주,초,자체활용,경상북도 경주시 현곡면 가정리 49-2
372,경북,가천고등학교,2017,성주,고,자체활용,경상북도 성주군 가천면 창천리 861
373,경북,가천초등학교무학분교장,2018,성주,초,미활용,경상북도 성주군 금수면 무학리 1410
374,경북,감문초등학교,1994,김천,초,대부,경상북도 김천시 감문면 삼성리 1383
375,경북,감천초등학교덕율분교장,2009,예천,초,자체활용,경상북도 예천군 개포면 덕율리 143
376,경북,강구초등학교직천분교장,1995,영덕,초,미활용,경상북도 영덕군 강구면 원직리 261-1
377,경북,강동초등학교단구분교장,2014,경주,초,미활용,경상북도 경주시 강동면 단구리 1147
378,경북,강동초등학교왕신분교장,2009,경주,초,대부,경상북도 경주시 강동면 왕신리 669-1
379,경북,개진초등학교영동분교장,2008,고령,초,미활용,경상북도 고령군 개진면 생리 251 외
380,경북,개포초등학교,2000,예천,초,자체활용,경상북도 예천군 개포면 신음리 160-1
381,경북,개포초등학교경진분교장,1999,예천,초,대부,경상북도 예천군 개포면 경진리 565 외
382,경북,경주마케팅고등학교,2019,경주,고,자체활용,경상북도 경주시 산내면 의곡리 70-65
383,경북,경주초등학교학동분교장,2002,경주,초,미활용,경상북도 경주시 내남면 비지리 545
384,경북,경주초등학교화천분교장,2010,경주,초,자체활용,경상북도 경주시 건천읍 화천리 1328-1
385,경북,고경중학교,2016,영천,중,미활용,경상북도 영천시 고경면 상덕리 365
386,경북,고경초등학교삼귀분교장,1995,영천,초,대부,경상북도 영천시 고경면 차당리 산51-2
387,경북,고로초등학교화수분교장,1996,군위,초,미활용,경상북도 군위군 고로면 화수리 963-1
388,경북,고목초등학교,1996,울진,초,대부,경상북도 울진군 북면 고목리 470-4
389,경북,고양초등학교,1999,봉화,초,미활용,경상북도 봉화군 명호면 양곡리 329-1
390,경북,곡송초등학교,2013,김천,초,미활용,경상북도 김천시 감문면  태촌리 785
391,경북,공서초등학교,2013,상주,초,대부,경상북도 상주시 공성면 금계리 33
392,경북,광덕초등학교,1992,청송,초,자체활용,경상북도 청송군 진보면 광덕리 271
393,경북,구룡포여자종합고등학교,2012,포항,고,대부,경상북도 포항시 남구 구룡포읍 병포리 139-1
394,경북,구룡포초등학교구남분교장,2014,포항,초,대부,경상북도 포항시 남구 구룡포읍 구평리 736-1
395,경북,구성초등학교양각분교장,2011,김천,초,대부,경상북도 김천시 구성면 양각리 402
396,경북,구천초등학교용호분교장,1999,의성,초,대부,경상북도 의성군 구천면 용사리 361-1
397,경북,군위남부초등학교,1998,군위,초,자체활용,경상북도 군위군 군위읍 무성리 709-1
398,경북,군위여자고등학교,2009,군위,고,자체활용,경상북도 군위군 군위읍 정리 292-1
399,경북,군위여자중학교,2009,군위,중,자체활용,경상북도 군위군 군위읍 정리 292-1
400,경북,군위정보고등학교,2017,군위,고,자체활용,경상북도 군위군 의흥면 읍내리 197
401,경북,금곡초등학교,1999,영덕,초,대부,경상북도 영덕군 병곡면 금곡리 261-1
402,경북,금성여자상업고등학교,2019,의성,고,대부,경상북도 의성군 금성면 탑리리 960
403,경북,금천초등학교문명분교장,2018,청도,초,대부,경상북도 청도군 운문면  신원리 1230-1
404,경북,금호남부초등학교,1995,영천,초,대부,경상북도 영천시 금호읍 호남리 307
405,경북,기계중학교상옥분교장,2021,포항,중,대부,경상북도 포항시 북구 죽장면 상옥리 389
406,경북,기계초등학교기서분교장,2002,포항,초,미활용,경상북도 포항시 북구 기계면 가안리 14
407,경북,기산초등학교,1999,칠곡,초,자체활용,경상북도 칠곡군 기산면 봉산리 538
408,경북,길주중학교녹전분교장,2018,안동,중,대부,경상북도 안동시 녹전면 신평리 756
409,경북,김천상업고등학교,2019,김천,고,대부,경상북도 김천시 지례면 교리 407
410,경북,낙서초등학교서원분교장,1994,상주,초,대부,경상북도 상주시 내서면 서원리 167-1
411,경북,남산초등학교삼성분교장,2010,경산,초,미활용,경상북도 경산시 남산면 하대리 370
412,경북,남양초등학교태하분교장,2012,울릉,초,대부,경상북도 울릉군 울릉읍 태하리521-2
413,경북,내서초등학교,1999,상주,초,자체활용,경상북도 상주시 내서면 신촌리 21
414,경북,노월초등학교,1995,경주,초,자체활용,경상북도 경주시 내남면 노곡리 909-6
415,경북,노음초등학교진복분교장,1990,울진,초,자체활용,경상북도 울진군 근남면 진복리 631
416,경북,녹남초등학교,1994,안동,초,대부,경상북도 안동시 녹전면 사신리 455-5
417,경북,농남중학교,2014,김천,중,자체활용,경상북도 김천시 남면 옥산리 560-2
418,경북,다인정보고등학교,2017,의성,고,자체활용,경상북도 의성군 다인면 도암리 283
419,경북,다인초등학교달제분교장,1993,의성,초,자체활용,경상북도 의성군 다인면 달제리 1513
420,경북,대덕중학교,2017,김천,중,자체활용,경상북도 김천시 대덕면 관기리 777
421,경북,대덕중학교증산분교장,2017,김천,중,자체활용,경상북도 김천시 증산면 동안리 76
422,경북,대방초등학교,1999,구미,초,대부,경상북도 구미시 고아읍 횡산리 47
423,경북,대보초등학교강사분교장,1993,포항,초,미활용,경상북도 포항시 남구 호미곶면 강사리 491
424,경북,대보초등학교대동배분교장,2007,포항,초,대부,경상북도 포항시 남구 호미곶면 대동배리 410-1
425,경북,대산초등학교,1999,청도,초,대부,경상북도 청도군 각남면 옥산리 15
426,경북,대신초등학교,2000,포항,초,자체활용,경상북도 포항시 북구 죽도동 655-9
427,경북,대신초등학교,2015,김천,초,대부,경상북도 김천시 아포읍 대신리 810
428,경북,대양초등학교,2001,포항,초,자체활용,경상북도 포항시 북구 환호동 13-7
429,경북,대율초등학교,2012,군위,초,대부,경상북도 군위군 부계면 대율리 644-1
430,경북,도산중학교,2018,안동,중,자체활용,경상북도 안동시 도산면 온혜리 923
431,경북,동곡초등학교,2015,청도,초,자체활용,경상북도 청도군 금천면 동곡리 915-5
432,경북,동곡초등학교김전분교장,1999,청도,초,대부,경상북도 청도군 금천면 김전리 52
433,경북,동해초등학교흥환분교장,2013,포항,초,대부,경상북도 포항시 남구 동해면 흥환리 357
434,경북,두릉초등학교,2005,상주,초,미활용,경상북도 상주시 사벌국면 두릉리 303
435,경북,매전초등학교,2012,청도,초,대부,경상북도 청도군 매전면 온막리 42-4
436,경북,매호초등학교,1999,상주,초,대부,경상북도 상주시 사벌국면 매호리 500
437,경북,매화종합고등학교,2008,울진,고,자체활용,경상북도 울진군 매화면 매화리 1141
438,경북,명주초등학교,1999,영천,초,미활용,경상북도 영천시 북안면 명주리 307-1
439,경북,명호중학교,2017,봉화,중,자체활용,경상북도 봉화군 명호면 도천리 264-2
440,경북,명호초등학교북곡분교장,2013,봉화,초,미활용,경상북도 봉화군 명호면 북곡리 1309
441,경북,모서초등학교호명분교장,1994,경주,초,대부,경상북도 경주시 강동면 호명리 18
442,경북,모아초등학교모서분교장,2021,경주,초,대부,경상북도 경주시 강동면 모서리 529
443,경북,문산초등학교,1999,군위,초,대부,경상북도 군위군 우보면 모산리 489-10
444,경북,물야초등학교개단분교장,2012,봉화,초,대부,경상북도 봉화군 물야면 개단리 844-2
445,경북,물야초등학교수식분교장,2016,봉화,초,대부,경상북도 봉화군 물야면 수식리 418-1
446,경북,물야초등학교오전분교장,1997,봉화,초,미활용,경상북도 봉화군 물야면 오전리 869-2
447,경북,박달초등학교,1992,경주,초,대부,경상북도 경주시 내남면 박달리 153
448,경북,방지초등학교,2015,청도,초,자체활용,경상북도 청도군 금천면 방지리 1203
449,경북,백산초등학교,2013,고령,초,자체활용,경상북도 고령군 쌍림면 백산리 163 외
450,경북,법전중학교,2017,봉화,중,대부,경상북도 봉화군 법전면 법전리 238
451,경북,법전초등학교,1999,봉화,초,자체활용,경상북도 봉화군 춘양면 소로리 534-1
452,경북,보성초등학교,1992,군위,초,미활용,경상북도 군위군 소보면 사리리 97-1
453,경북,봉의초등학교,1992,군위,초,대부,경상북도 군위군 소보면 봉소리 623-1 외
454,경북,봉현서부초등학교,2012,영주,초,대부,경상북도 영주시 봉현면 두산리 210
455,경북,봉화여자고등학교,2007,봉화,고,자체활용,경상북도 봉화군 봉화읍 해저리 30
456,경북,봉화여자중학교,2007,봉화,중,자체활용,경상북도 봉화군 봉화읍 해저리 30
457,경북,봉화중학교봉성분교장,2010,봉화,중,미활용,경상북도 봉화군 봉성면 봉성리 380-2
458,경북,부남초등학교이현분교장,1993,청송,초,대부,경상북도 청송군 부남면 이현리 726-1
459,경북,부남초등학교중기분교장,1992,청송,초,미활용,경상북도 청송군 부남면 중기리 610-2
460,경북,부상초등학교,1997,김천,초,미활용,경상북도 김천시 남면 부상리 564
461,경북,부석고등학교,2008,영주,고,자체활용,경상북도 영주시 부석면 소천리 501-1
462,경북,부석초등학교남대분교장,2010,영주,초,미활용,경상북도 영주시 부석면 남대리 354
463,경북,부석초등학교상석분교장,2002,영주,초,대부,경상북도 영주시 부석면 상석리 480-1
464,경북,북삼초등학교오평분교장,2022,칠곡,초,자체활용,경상북도 칠곡군 북삼읍 오평리 847-7
465,경북,비안고등학교,2008,의성,고,자체활용,경상북도 의성군 비안면 이두리 345
466,경북,비안중학교,2016,의성,중,자체활용,경상북도 의성군 비안면 이두리 345
467,경북,사곡초등학교,2011,의성,초,자체활용,경상북도 의성군 사곡면 양지리 550
468,경북,산동초등학교송백분교장,2010,구미,초,대부,경상북도 구미시 산동읍 송산리 243
469,경북,산북정보고등학교,2005,문경,고,자체활용,경상북도 문경시 산북면 대상리 97-3
470,경북,산제초등학교,1994,의성,초,대부,경상북도 의성군 비안면 화신리 145-1
471,경북,삼분초등학교,1999,의성,초,미활용,경상북도 의성군 다인면 삼분리 1370-2
472,경북,상오초등학교,1987,상주,초,자체활용,경상북도 상주시 화북면 상오리 562
473,경북,상옥초등학교하옥분교장,1993,포항,초,자체활용,경상북도 포항시 북구 죽장면 하옥리 444
474,경북,상운중학교,2017,봉화,중,대부,경상북도 봉화군 상운면 운계리 664-1
475,경북,상주초등학교남장분교장,1994,상주,초,대부,경상북도 상주시 남장동 229-1
476,경북,상천초등학교,2010,의성,초,미활용,경상북도 의성군 금성면 제오리 904-1
477,경북,서벽초등학교금정분교장,1995,봉화,초,미활용,경상북도 봉화군 춘양면 우구치리 31-2
478,경북,서후초등학교대흥분교장,2022,안동,초,미활용,경상북도 안동시 서후면 대두서리 61
479,경북,석계초등학교,1993,영천,초,미활용,경상북도 영천시 고경면 석계리 5-2
480,경북,석병초등학교,1998,포항,초,대부,경상북도 포항시 남구 구룡포읍 석병리 640-2
481,경북,석보초등학교소계분교장,1995,영양,초,대부,경상북도 영양군 석보면 소계리 223
482,경북,소천고등학교,2018,봉화,고,자체활용,경상북도 봉화군 소천면 현동리 701-10
483,경북,속암초등학교문창분교장,1996,의성,초,대부,경상북도 의성군 단밀면 팔등리 265
484,경북,송강초등학교,1999,청송,초,자체활용,경상북도 청송군 파천면 송강리 284-2
485,경북,송생초등학교,2005,청송,초,대부,경상북도 청송군 청송읍 송생리 551-3
486,경북,송하초등학교,1994,영양,초,자체활용,경상북도 영양군 수비면 송하리 367-1
487,경북,수륜초등학교명륜분교장,1993,성주,초,대부,경상북도 성주군 수륜면 송계리 477
488,경북,수비초등학교신암분교장,2009,영양,초,대부,경상북도 영양군 수비면  신암리 166
489,경북,수평초등학교,1993,문경,초,대부,경상북도 문경시 동로면 수평리 390
490,경북,시량초등학교,1996,청송,초,대부,경상북도 청송군 진보면 시량리 507-3
491,경북,신광초등학교비학분교장,2007,포항,초,대부,경상북도 포항시 북구 신광면 만석리 272-11
492,경북,신기초등학교대성분교장,2009,문경,초,자체활용,경상북도 문경시 호계면 견탄리 500-5
493,경북,신녕서부초등학교,2001,영천,초,미활용,경상북도 영천시 신녕면 부산리 946-1
494,경북,신동초등학교연호분교장,1999,칠곡,초,대부,경상북도 칠곡군 지천면 연호리 산90-1
495,경북,신동초등학교연화분교장,1997,칠곡,초,대부,경상북도 칠곡군 지천면 연화리 513-4
496,경북,신사초등학교,1999,영양,초,대부,경상북도 영양군 입암면 신사리 610
497,경북,신산초등학교,1994,의성,초,미활용,경상북도 의성군 단밀면 신하리 551
498,경북,신상초등학교,2008,경산,초,자체활용,경상북도 경산시 진량읍 신상리 343-1
499,경북,아화초등학교천촌분교장,1995,경주,초,대부,경상북도 경주시 서면 천촌리 345-2
500,경북,안강북부초등학교,2013,경주,초,자체활용,경상북도 경주시 안강읍 육통리 543-3
501,경북,안계초등학교고산분교장,2000,의성,초,미활용,경상북도 의성군 안사면 안사리 669-1
502,경북,안동중학교와룡분교장,2018,안동,중,대부,경상북도 안동시 와룡면 지내리 926
503,경북,안동중학교인계분교장,2018,안동,중,대부,경상북도 안동시 예안면 인계리 산19-5
504,경북,압량초등학교,2017,경산,초,자체활용,경상북도 경산시 압량읍 부적리 601 외
505,경북,양남초등학교상계분교장,2015,경주,초,미활용,경상북도 경주시 양남면 상계리 57-2
506,경북,양북고등학교,2003,경주,고,자체활용,경상북도 경주시 양북면 어일리 701
507,경북,양북초등학교송전분교장,2010,경주,초,대부,경상북도 경주시 양북면 송전리 94
508,경북,양천초등학교,2019,김천,초,미활용,경상북도 김천시 양천동 1301-2
509,경북,어모초등학교,2007,김천,초,대부,경상북도 김천시 어모면 동좌리 620
510,경북,연화초등학교,1994,김천,초,미활용,경상북도 김천시 대덕면 연화리 255
511,경북,영덕야성초등학교매정분교장,2016,영덕,초,미활용,경상북도 영덕군 영덕읍 매정리 88
512,경북,영덕야성초등학교창포분교장,2015,영덕,초,자체활용,경상북도 영덕군 영덕읍 창포리 550
513,경북,영도초등학교,1999,영천,초,대부,경상북도 영천시 본촌동 본촌동 335-2
514,경북,영북초등학교,2007,영천,초,자체활용,경상북도 영천시 녹전동 127
515,경북,영순초등학교영창분교장,2008,문경,초,미활용,경상북도 문경시 영순면 말응리 524
516,경북,영양중학교입암분교장,2019,영양,중,대부,경상북도 영양군 입암면 산해리 48
517,경북,영천남부초등학교,2012,영천,초,미활용,경상북도 영천시 작산동 56
518,경북,영해초등학교대동분교장,1997,영덕,초,대부,경상북도 영덕군 영해면 대리 394-1
519,경북,영해초등학교영해동부분교장,2009,영덕,초,대부,경상북도 영덕군 영해면 괴시리 490
520,경북,영호초등학교,2012,안동,초,자체활용,경상북도 안동시 옥야동 328-2
521,경북,영화초등학교화덕분교장,2020,영천,초,미활용,경상북도 영천시 화산면 덕암리 140-2
522,경북,예산초등학교,2012,구미,초,자체활용,경상북도 구미시 선산읍 북산리 587
523,경북,예천남부초등학교인포분교,2009,예천,초,미활용,경상북도 예천군 호명면 월포리 382
524,경북,오계초등학교,2001,영주,초,자체활용,경상북도 영주시 안정면 오계리 525
525,경북,오릉초등학교,2010,경주,초,자체활용,경상북도 경주시 탑동 676-2
526,경북,오천초등학교,1993,군위,초,대부,경상북도 군위군 효령면 오천리 164-3 외
527,경북,옥대초등학교단산분교장,1994,영주,초,대부,경상북도 영주시 단산면 병산리 343
528,경북,옥산초등학교하강분교장,2000,경주,초,대부,경상북도 경주시 안강읍 하곡리 632
529,경북,온양초등학교,1997,울진,초,자체활용,경상북도 울진군 울진읍 온양리 224-9
530,경북,와룡초등학교나소분교장,1995,안동,초,대부,경상북도 안동시 와룡면 라소리 628-1
531,경북,왕산초등학교,1994,경주,초,대부,경상북도 경주시 암곡동 389
532,경북,외남초등학교삼남분교장,2013,상주,초,미활용,경상북도 상주시 외남면 신촌리 467
533,경북,외서초등학교배영분교장,1999,상주,초,대부,경상북도 상주시 외서면 봉강리 139
534,경북,용궁상업고등학교,2006,예천,고,자체활용,경상북도 예천군 용궁면 읍부리 251-3
535,경북,용산초등학교,2007,청도,초,자체활용,경상북도 청도군 청도읍 송읍리 375
536,경북,용흥중학교,2019,포항,중,대부,경상북도 포항시 북구 용흥동 340
537,경북,우곡초등학교도진분교장,2013,고령,초,대부,경상북도 고령군 우곡면 도진리 270
538,경북,우산중학교,2020,울릉,중,대부,경상북도 울릉군 울릉읍 저동리452
539,경북,운수초등학교화암분교장,1994,고령,초,미활용,경상북도 고령군 운수면 화암리 1163
540,경북,울릉북중학교,2020,울릉,중,대부,경상북도 울릉군 북면 천부리713
541,경북,울릉서중학교,2020,울릉,중,대부,경상북도 울릉군 서면 남서리30-3
542,경북,울릉초등학교장흥분교장,2000,울릉,초,자체활용,경상북도 울릉군 울릉읍 사동리238
543,경북,원림초등학교,1995,안동,초,미활용,경상북도 안동시 남선면 원림리 358-3
544,경북,원전초등학교,1999,영덕,초,대부,경상북도 영덕군 지품면 원전리 295-2
545,경북,월곡초등학교동계분교장,1993,안동,초,대부,경상북도 안동시 예안면 태곡리 688
546,경북,월정초등학교,2002,청송,초,대부,경상북도 청송군 현서면 도리 54-3
547,경북,유계초등학교,1994,예천,초,대부,경상북도 예천군 감천면 유리 701-2 외
548,경북,유등초등학교,1994,청도,초,대부,경상북도 청도군 화양읍 유등리 1876
549,경북,유천중학교,2007,예천,초,자체활용,경상북도 예천군  유천면  가리 746
550,경북,은척중학교아산분교장,2011,상주,중,대부,경상북도 상주시 이안면 아천리 347
551,경북,의곡초등학교감산분교장,1993,경주,초,대부,경상북도 경주시 산내면 감산리 1107-1
552,경북,의곡초등학교대현분교장,1996,경주,초,대부,경상북도 경주시 산내면 대현리 1345
553,경북,의곡초등학교신원분교장,1993,경주,초,대부,경상북도 경주시 산내면 신원리 222
554,경북,의곡초등학교우라분교장,2010,경주,초,대부,경상북도 경주시 산내면 우라리 988
555,경북,의흥동부초등학교,1999,군위,초,대부,경상북도 군위군 의흥면 연계리 407-1
556,경북,이가초등학교,1996,포항,초,미활용,경상북도 포항시 북구 청하면 이가리 138
557,경북,이산동부초등학교,1994,영주,초,미활용,경상북도 영주시 이산면 석포리 755
558,경북,일직초등학교평촌분교장,2000,안동,초,대부,경상북도 안동시 일직면 명진리 313
559,경북,임고중학교,2016,영천,중,미활용,경상북도 영천시 임고면 양평리 2-13
560,경북,임고초등학교금대분교장,2002,영천,초,미활용,경상북도 영천시 임고면 금대리 446
561,경북,임고초등학교수성분교장,2009,영천,초,미활용,경상북도 영천시 임고면 수성리 901-2
562,경북,임동중학교,2018,안동,중,대부,경상북도 안동시 임동면 중평리 948
563,경북,임동초등학교고천분교장,1994,안동,초,대부,경상북도 안동시 임동면 고천리 101-1
564,경북,임봉초등학교,2011,구미,초,미활용,경상북도 구미시 산동읍 봉산리 165
565,경북,입암초등학교방전분교장,2000,영양,초,대부,경상북도 영양군 입암면 방전리 489-3
566,경북,자명초등학교,2005,포항,초,미활용,경상북도 포항시 남구 연일읍 자명리 526-1
567,경북,자양초등학교신방분교장,1999,영천,초,대부,경상북도 영천시 자양면 신방리 803
568,경북,자천초등학교상송분교장,2007,영천,초,미활용,경상북도 영천시 화북면 상송리 42-1
569,경북,전촌초등학교,2009,경주,초,자체활용,경상북도 경주시 감포읍 전촌리 636
570,경북,주남초등학교,1999,영양,초,대부,경상북도 영양군 석보면 주남리 350-1
571,경북,죽변초등학교화성분교장,2007,울진,초,미활용,경상북도 울진군 죽변면 화성리 369
572,경북,죽장초등학교가사분교장,1993,포항,초,대부,경상북도 포항시 북구 죽장면 가사리 380-1
573,경북,죽장초등학교상사분교장,2001,포항,초,대부,경상북도 포항시 북구 죽장면 상사리 1181-1
574,경북,죽장초등학교죽북분교장,2008,포항,초,대부,경상북도 포항시 북구 죽장면 합덕리 276
575,경북,중동중학교,2008,상주,중,미활용,경상북도 상주시 중동면 간상리 872
576,경북,지곡초등학교용구분교장,2001,영천,초,미활용,경상북도 영천시 화남면 구전리 414-3
577,경북,지동초등학교,2013,김천,초,대부,경상북도 김천시 아포읍 지리 376
578,경북,지례중학교(김천상고 병설),2017,김천,중,미활용,경상북도 김천시 지례면 교리 407
579,경북,지례중학교구성분교장,2017,김천,중,미활용,경상북도 김천시 구성면 송죽리 800
580,경북,지례중학교부항분교장,2017,김천,중,대부,경상북도 김천시 부항면 사등리 597
581,경북,지보고등학교,2014,예천,고,자체활용,경상북도 예천군 지보면 마전리 142-1
582,경북,지사초등학교,2012,성주,초,미활용,경상북도 성주군 수륜면 오천리 280
583,경북,지품초등학교낙평분교장,1995,영덕,초,대부,경상북도 영덕군 지품면 낙령리 398-2
584,경북,직지초등학교대성분교장,1995,김천,초,대부,경상북도 김천시 대항면 대성리 489-4
585,경북,창수중학교,2009,영덕,중,대부,경상북도 영덕군 창수면 신기리 59-7
586,경북,창수초등학교미곡분교장,1994,영덕,초,대부,경상북도 영덕군 창수면 미곡리 583
587,경북,창수초등학교오촌분교장,1998,영덕,초,대부,경상북도 영덕군 창수면 오촌리 244-1
588,경북,천북초등학교물천분교장,2017,경주,초,대부,경상북도 경주시 천북면 물천리 624-1
589,경북,천북초등학교화당분교장,2001,경주,초,대부,경상북도 경주시 천북면 화산리 145-1
590,경북,청경초등학교,1998,영천,초,대부,경상북도 영천시 고경면 도암리 147
591,경북,청남초등학교구매분교장,1993,영양,초,대부,경상북도 영양군 청기면 구매리 48
592,경북,청도동부초등학교,1995,청도,초,대부,경상북도 청도군 청도읍 원리 412
593,경북,청운초등학교,1996,청송,초,대부,경상북도 청송군 청송읍 청운리 996
594,경북,청하초등학교서정분교장,1997,포항,초,대부,경상북도 포항시 북구 청하면 서정리 685
595,경북,청하초등학교청하남부분교장,2016,포항,초,대부,경상북도 포항시 북구 청하면 소동리 768-1
596,경북,태화초등학교광천분교장,1997,김천,초,대부,경상북도 김천시 봉산면 광천리 520-4
597,경북,평은초등학교영은분교장,1995,영주,초,자체활용,경상북도 영주시 평은면 평은리 1110-1
598,경북,평해여자중학교,2019,울진,중,자체활용,경상북도 울진군 평해읍 평해리 413
599,경북,풍각남부초등학교,1994,청도,초,대부,경상북도 청도군 풍각면 차산리 184-1
600,경북,풍각초등학교서부분교장,2000,청도,초,대부,경상북도 청도군 풍각면 안산리 585
601,경북,풍동초등학교,1999,안동,초,대부,경상북도 안동시 풍산읍 회곡리 696
602,경북,풍서초등학교,2016,안동,초,대부,경상북도 안동시 풍천면 가곡리 595
603,경북,풍양고등학교,2017,예천,고,자체활용,경상북도 예천군 풍양면 낙상리 253
604,경북,풍천중학교,2016,안동,중,자체활용,경상북도 안동시 풍천면 도양리 106-1
605,경북,풍천초등학교,2016,안동,초,대부,경상북도 안동시 풍천면 구담리 541-1
606,경북,하양초등학교화성분교장,2022,경산,초,자체활용,경상북도 경산시 하양읍 환상리 75-1
607,경북,해평초등학교괴곡분교장,1995,구미,초,미활용,경상북도 구미시 해평면 괴곡리 351
608,경북,해평초등학교일선분교장,2008,구미,초,자체활용,경상북도 구미시 해평면 낙산리 598-1
609,경북,해평초등학교향산분교장,2013,구미,초,미활용,경상북도 구미시 해평면 산양리 57-1
610,경북,현남초등학교,1997,청송,초,대부,경상북도 청송군 안덕면 덕성리 217-2
611,경북,화남초등학교,1995,안동,초,대부,경상북도 안동시 풍천면 어담리 239
612,경북,화남초등학교죽곡분교장,1995,영천,초,대부,경상북도 영천시 화남면 죽곡리 650-2
613,경북,화령초등학교사산분교장,1994,상주,초,대부,경상북도 상주시 화서면 사산리 63
614,충북,(구)내북초폐교,2013,보은,초,대부,충청북도 보은군 내북면 동산리 1199
615,충북,(구)북암초폐교,1981,보은,초,대부,충청북도 보은군 속리산면 북암리 318
616,충북,(구)옥동초폐교,2014,진천,초,자체활용,충청북도 진천군 덕산읍 옥동리 359-2
617,충북,(구)주성중,2015,청주,초,자체활용,충청북도 청주시 상당구 수동 133
618,충북,(구)충북체육고,2014,청주,초,자체활용,충청북도 청주시 서원구 사직동 808-4
619,충북,가덕중,2022,청주,중,자체활용,충청북도 청주시 상당구 가덕면 수곡리 255
620,충북,가덕초 상야분교,2004,청주,초,대부,충청북도 청주시 상당구 가덕면 상야리 351-1
621,충북,감곡초 상평분교,2000,음성,초,대부,충청북도 음성군 감곡면 상평리 344-4
622,충북,감물중,2013,괴산증평,중,대부,충청북도 괴산군 감물면 광전리 112
623,충북,강천초,2019,충주,초,대부,충청북도 충주시 앙성면 목미리 89-2
624,충북,강천초 단암분교,1995,충주,초,대부,충청북도 충주시 앙성면 단암리 412-1
625,충북,공전초등학교,1999,제천,초,대부,충청북도 제천시 봉양읍 공전리 265
626,충북,관기초기대분폐교,1994,보은,초,대부,충청북도 보은군 마로면 기대리 328-2
627,충북,관기초소여폐교,1995,보은,초,미활용,충청북도 보은군 마로면 소여리 470-1
628,충북,관기초적암폐교,1995,보은,초,대부,충청북도 보은군 마로면 적암리 149
629,충북,괴산명덕초제월초,1996,괴산증평,초,대부,충청북도 괴산군 괴산읍 제월리 289
630,충북,구정초 오상폐교,2002,진천,초,대부,충청북도 진천군 초평면 은암리 290-1
631,충북,금성초장선분교장,1996,제천,초,대부,충청북도 제천시 청풍면 장선리 98
632,충북,금성초중전분교장,1969,제천,초,대부,충청북도 제천시 금성면 포전리 409-2
633,충북,남당초삼선분교장,1993,제천,초,대부,충청북도 제천시 봉양읍 삼거리 538
634,충북,남신초 덕생분교,2012,음성,초,미활용,충청북도 음성군 음성읍 삼생리 94
635,충북,남이초 구암분교,1992,청주,초,자체활용,충청북도 청주시 서원구 남이면 구암리 275
636,충북,남일초 두산분교,2010,청주,초,자체활용,충청북도 청주시 상당구 남일면 두산리 106-1
637,충북,남한강초,2020,충주,초,자체활용,충청북도 충주시 문화동 1924
638,충북,낭성초 갈산분교,2004,청주,초,대부,충청북도 청주시 상당구 낭성면 갈산리 341-1
639,충북,내북초아곡폐교,2002,보은,초,대부,충청북도 보은군 내북면 상궁리 46-2
640,충북,내북초이식폐교,1999,보은,초,대부,충청북도 보은군 산외면 이식리 84
641,충북,노은초 수룡분교,1996,충주,초,미활용,충청북도 충주시 노은면 수룡리 554-1
642,충북,노은초 수상분교,2013,충주,초,자체활용,충청북도 충주시 노은면 안락리 119-1
643,충북,단양초노동분교장,1999,단양,초,대부,충청북도 단양군 단양읍 노동리 265
644,충북,단천초 가산폐교,2019,단양,초,미활용,충청북도 단양군 단성면 가산리 290
645,충북,단천초두항분교장,1991,단양,초,대부,충청북도 단양군 단성면 두항리 39
646,충북,대강초올산분교장,1992,단양,초,대부,충청북도 단양군 대강면 올산리 185
647,충북,대강초장정폐교,2017,단양,초,미활용,충청북도 단양군 대강면 장정리 30
648,충북,대성초등학교,2014,옥천,초,대부,충청북도 옥천군 이원면 의평리 276-2
649,충북,대소원초,2020,충주,초,자체활용,충청북도 충주시 대소원면 본리 569-15
650,충북,대장초,2019,음성,초,대부,충청북도 음성군 소이면 대장리 374-1
651,충북,덕산초월악분교장,1992,제천,초,대부,충청북도 제천시 덕산면 월악리 596
652,충북,동광초 학림폐교,2003,보은,초,자체활용,충청북도 보은군 보은읍 중동리 9-1
653,충북,동량초 서운분교,1999,충주,초,미활용,충청북도 충주시 동량면 서운리 155
654,충북,동량초 하천분교,1995,충주,초,대부,충청북도 충주시 동량면 손동리 336
655,충북,동이중학교,1998,옥천,중,대부,충청북도 옥천군 동이면  적하리 672
656,충북,두학초자작분교장,1992,제천,초,대부,충청북도 제천시 자작동 256-4
657,충북,매포초기동분교장,1990,단양,초,대부,충청북도 단양군 적성면 기동리 433-1
658,충북,목도고폐교,2022,괴산증평,고,자체활용,충청북도 괴산군 불정면 목도리 360
659,충북,무극초 사정분교,1995,음성,초,대부,충청북도 음성군 음성읍 사정리 949
660,충북,문의초 구룡분교,1992,청주,초,대부,충청북도 청주시 상당구 문의면 구룡리 338
661,충북,미봉초폐교,1944,영동,초,대부,충청북도 영동군 양강면 유점리 697-3
662,충북,미원초 용곡분교,2000,청주,초,미활용,충청북도 상당구 미원면 용곡리 287-1
663,충북,미원초 운암분교,1991,청주,초,대부,충청북도 청주시 상당구 미원면 운암리 593
664,충북,미원초 종암분교,2000,청주,초,대부,충청북도 청주시 상당구 미원면 종암리 387
665,충북,백곡중폐교,2012,진천,중,자체활용,충청북도 진천군 백곡면 사송리 476-1
666,충북,백곡초 성대폐교,1999,진천,초,대부,충청북도 진천군 백곡면 성대리 498-2
667,충북,백봉초 운곡분교장,1995,괴산증평,초,미활용,충청북도 괴산군 청안면 운곡리 209-2
668,충북,백봉초장암분교장,1999,괴산증평,초,대부,충청북도 괴산군 청안면 장암리 401-1
669,충북,별방초유암분교장,1995,단양,초,대부,충청북도 단양군 영춘면 유암리 253
670,충북,보덕초폐교,1999,보은,초,대부,충청북도 보은군 탄부면 하장리 35-5
671,충북,복성초,1992,충주,초,대부,충청북도 충주시 앙성면 지당리 201-5
672,충북,부상초폐교,1946,영동,초,대부,충청북도 영동군 용산면 부상리 697-1
673,충북,산외초산대폐교,1992,보은,초,대부,충청북도 보은군 산외면 산대리 118-1
674,충북,산외초장갑폐교,2002,보은,초,대부,충청북도 보은군 산외면 장갑리 318
675,충북,산척중,2023,충주,중,자체활용,충청북도 충주시 산척면 영덕리 718-2
676,충북,산척초 명서분교,1992,충주,초,대부,충청북도 충주시 산척면 명서리 493-7
677,충북,삼산초중초폐교,1999,보은,초,대부,충청북도 보은군 보은읍 중초리 408-1
678,충북,상신초폐교,2019,진천,초,미활용,충청북도 진천군 이월면 신월리 317-16
679,충북,상촌중폐교,2019,영동,중,대부,충청북도 영동군 상촌면 유곡리 467-3
680,충북,상촌초 대해폐교,1958,영동,초,대부,충청북도 영동군 상촌면 대해리 698
681,충북,상촌초 물한폐교,1991,영동,초,자체활용,충청북도 영동군 상촌면 물한리 643
682,충북,상촌초 삼봉폐교,1993,영동,초,미활용,충청북도 영동군 상촌면 고자리 360-4
683,충북,상촌초 황학폐교,1941,영동,초,대부,충청북도 영동군 상촌면 궁촌리 301
684,충북,생극초 관성분교,1999,음성,초,미활용,충청북도 음성군 생극면 관성리 13-1
685,충북,성남초 종인분교,1995,충주,초,자체활용,충청북도 충주시 종민동 510-3
686,충북,성암초 연곡폐교,1991,진천,초,미활용,충청북도 진천군 진천읍 연곡리 191-1
687,충북,세성초 공이분교,1999,충주,초,대부,충청북도 충주시 살미면 공이리 448-1
688,충북,세성초 향산분교,1993,충주,초,대부,충청북도 충주시 살미면 향산리 379
689,충북,세평초,1998,괴산증평,초,대부,충청북도 괴산군 불정면 세평리 214
690,충북,소수초 광신분교장,1995,괴산증평,초,미활용,충청북도 괴산군 소수면 몽촌리 219
691,충북,소태초 덕은분교,1996,충주,초,대부,충청북도 충주시 소태면 덕은리 229
692,충북,송학초송한분교장,1993,제천,초,대부,충청북도 제천시 송학면 송한리 543
693,충북,수정초법주폐교,2007,보은,초,대부,충청북도 보은군 속리산면 상판리 201-2
694,충북,수회초 팔봉분교,1999,충주,초,대부,충청북도 충주시 살미면 토계리 263
695,충북,신덕초폐교,1994,진천,초,자체활용,충청북도 진천군 진천읍 삼덕리 607-2
696,충북,안내초 용촌분교장,1995,옥천,초,대부,충청북도 옥천군 안내면 용촌리 160
697,충북,앙성초 영죽분교,1999,충주,초,대부,충청북도 충주시 앙성면 영죽리 264-1
698,충북,야동초,2020,충주,초,대부,충청북도 충주시 소태면 야동리 487
699,충북,양산초 천태폐교,1944,영동,초,대부,충청북도 영동군 양산면 호탄리 708-1
700,충북,양화초등학교,1995,제천,초,대부,충청북도 제천시 금성면 양화리 623
701,충북,어상천초덕문곡분교장,1992,단양,초,대부,충청북도 단양군 영춘면  덕문곡리 171
702,충북,어상천초선암분교장,2001,단양,초,대부,충청북도 단양군 어상천면 석교리 69
703,충북,어상천초연곡분교장,1993,단양,초,대부,충청북도 단양군 어상천면  연곡리 631
704,충북,엄정초 목계분교,2009,충주,초,대부,충청북도 충주시 엄정면 목계리 111
705,충북,영동초 화신폐교,1993,영동,초,미활용,충청북도 영동군 영동읍 화신리 228-3
706,충북,영춘초동대분교장,1999,단양,초,자체활용,충청북도 단양군 영춘면 동대리 806
707,충북,영춘초의풍분교장,2009,단양,초,대부,충청북도 단양군 영춘면  의풍리760
708,충북,오수초,1999,괴산증평,초,대부,충청북도 괴산군 연풍면 유하리 196-9
709,충북,오창초 가좌분교,2008,청주,초,미활용,충청북도 청원구 오창읍 가좌리 129
710,충북,오창초 유리분교,2008,청주,초,자체활용,충청북도 청주시 청원구 오창읍 유리 394
711,충북,옥산초 호죽분교,1999,청주,초,대부,충청북도 청주시 흥덕구 옥산면 호죽리 300-3
712,충북,외천초,2012,청주,초,자체활용,충청북도 청주시 서원구 남이면 부용외천리 290
713,충북,용산초폐교,1926,영동,초,대부,충청북도 영동군 용산면 한곡리 206-2
714,충북,용암초폐교,1941,영동,초,대부,충청북도 영동군 황간면 용암리 642
715,충북,용화초 자계폐교,1991,영동,초,대부,충청북도 영동군 용화면 자계리 569
716,충북,원남초 문암분교,1999,음성,초,대부,충청북도 음성군 원남면 문암리 593
717,충북,유덕초,1999,제천,초,미활용,충청북도 제천시 덕산면 신현리 606
718,충북,유덕초복평분교장,1995,제천,초,대부,충청북도 제천시 덕산면 수산리 833-2
719,충북,이원초 지탄분교장,2012,옥천,초,대부,충청북도 옥천군 이원면 지탄리 754-1
720,충북,입석초등학교,2021,제천,초,자체활용,충청북도 제천시 입석리 입석리 609-2
721,충북,장연중,2013,괴산증평,중,대부,충청북도 괴산군 장연면 오가리 563-1
722,충북,주덕고,2023,충주,고,자체활용,충청북도 충주시 주덕읍 신중리 130-3
723,충북,죽향초 군북분교장,1994,옥천,초,자체활용,충청북도 옥천군 군북면 소정리 245
724,충북,중앙탑초,2018,충주,초,자체활용,충청북도 충주시 중앙탑면 탑평리 212-1
725,충북,창암초,1998,충주,초,대부,충청북도 충주시 가금면 창동리 산22-2
726,충북,천덕초폐교,1944,영동,초,대부,충청북도 영동군 매곡면 공수리 463-2
727,충북,청동초등학교,1999,옥천,초,대부,충청북도 옥천군 청산면 효목리 675-1
728,충북,청산초 대월분교장,1995,옥천,초,대부,충청북도 옥천군 청산면 대성리 173-1
729,충북,청성초 묘금분교장,2000,옥천,초,미활용,충청북도 옥천군 청성면  묘금리 59-1
730,충북,청성초 화성분교장,1999,옥천,초,미활용,충청북도 옥천군 청성면  화성리 295-1
731,충북,청천초 대후분교장,1993,괴산증평,초,미활용,충청북도 괴산군 청천면 후영리 196-1
732,충북,청천초 신월분교장,2007,괴산증평,초,미활용,충청북도 괴산군 청천면 신월리 144
733,충북,청풍초학현분교장,1990,제천,초,자체활용,충청북도 제천시 청풍면 학현리 산18-1
734,충북,추산초,2017,괴산증평,초,대부,충청북도 괴산군 불정면 추산리 545-2
735,충북,추평초,1999,충주,초,대부,충청북도 충주시 엄정면 추평리 454
736,충북,추풍령초 신안폐교,1995,영동,초,미활용,충청북도 영동군 추풍령면 신안리 63
737,충북,충주중앙중 가금분교,2009,충주,중,자체활용,충청북도 충주시 중앙탑면 가흥리 361-7
738,충북,칠성초쌍곡분교장,1991,괴산증평,초,자체활용,충청북도 괴산군 칠성면 쌍곡리 157
739,충북,탄부초사직폐교,2002,보은,초,대부,충청북도 보은군 탄부면 사직리 151-3
740,충북,학산초 봉산폐교,1945,영동,초,대부,충청북도 영동군 학산면 황산리 563-1
741,충북,한수중학교,1998,제천,중,대부,충청북도 제천시 한수면 송계리 309-1
742,충북,현암초,1999,청주,초,자체활용,충청북도 청주시 흥덕구 현암동 89
743,충북,회남초 분저폐교,1992,보은,초,미활용,충청북도 보은군 회남면 분저리 71
744,충북,회인초회동폐교,1994,보은,초,대부,충청북도 보은군 회인면 고석리 123-1
745,울산,(구)송정초,1999,해당없음,초,자체활용,울산광역시 북구 송정동 820
746,울산,검단분교,2020,해당없음,초,미활용,울산광역시 울주군 웅촌면 검단리 603-3
747,울산,궁근정초,2016,해당없음,초,자체활용,울산광역시 울주군 상북면 궁근정리564-1
748,울산,길천초,2016,해당없음,초,자체활용,울산광역시 울주군 상북면 길천리 401
749,울산,내와분교,1999,해당없음,초,자체활용,울산광역시 울주군 두서면 내와리 972-1
750,울산,대송분교,1993,해당없음,초,자체활용,울산광역시 울주군 서생면 대송리 195
751,울산,동해분교,1999,해당없음,초,미활용,울산광역시 북구 당사동 465-2
752,울산,두남분교,1999,해당없음,초,자체활용,울산광역시 울주군 두서면 구량리 212-2
753,울산,두북분교,1999,해당없음,초,대부,울산광역시 울주군 두서면 활천리 329-1
754,울산,무룡분교,1999,해당없음,초,자체활용,울산광역시 북구 무룡동 276-1
755,울산,미호분교,1993,해당없음,초,미활용,울산광역시 울주군 두서면 미호리 610
756,울산,봉월초,2012,해당없음,초,대부,울산광역시 울주군 두동면 봉계리 1030-3
757,울산,삼광분교,1999,해당없음,초,미활용,울산광역시 울주군 온양읍 삼광리 657-1
758,울산,서사분교,1999,해당없음,초,자체활용,울산광역시 울주군 범서읍 서사리 270
759,울산,신명분교,1999,해당없음,초,자체활용,울산광역시 북구 신명동 153-5
760,울산,향산초,2016,해당없음,초,자체활용,울산광역시 울주군 상북면 향산리 344
761,울산,효문분교,2020,해당없음,초,자체활용,울산광역시 북구 효문동 767
762,광주,대촌동초등학교,2002,서부,초,대부,광주광역시 광주광역시 남구 양과동 890 일원
763,광주,본량중학교,1999,서부,중,대부,광주광역시 광주광역시 광산구 남산동 618-8 일원
764,광주,본량초등학교 선동분교,1993,서부,초,자체활용,광주광역시 광주광역시 광산구 선동 494 일원
765,광주,삼도남초등학교,1998,서부,초,대부,광주광역시 광주광역시 광산구 삼도동 823-1 일원
766,광주,지원중학교,2009,동부,중,대부,광주광역시 광주광역시 동구 소태동 491 일원
767,광주,평동서초등학교,1998,서부,초,자체활용,광주광역시 광주광역시 광산구 동산동 227 일원
768,충남,결성중,2018,홍성,중,대부,충청남도 홍성군 결성면 읍내리 29
769,충남,고남초 영항분교,1999,태안,초,미활용,충청남도 태안군 고남면 고남리 96-4
770,충남,광남초,2014,홍성,초,대부,충청남도 홍성군 광천읍 옹암리 353-2
771,충남,광성초,2015,홍성,초,대부,충청남도 홍성군 갈산면 취생리 250
772,충남,광시초,1999,예산,초,미활용,충청남도 예산군 광시면 신대리 197
773,충남,광천여자중,2014,홍성,중,자체활용,충청남도 홍성군 광천읍 소암리 397
774,충남,금남초,1999,금산,초,미활용,충청남도 금산군 남일면 마장리 912-1
775,충남,금류초,1992,금산,초,자체활용,충청남도 금산군 금성면 하류리440
776,충남,대룡초,2007,공주,초,대부,충청남도 공주시 신풍면 대룡리 407
777,충남,대률초,1999,예산,초,대부,충청남도 예산군 대흥면 대률리 476-1
778,충남,대명초,2022,논산계룡,초,미활용,충청남도 논산시 상월면 대촌리 268
779,충남,대평초,2014,홍성,초,미활용,충청남도 홍성군 광천읍 대평리 318
780,충남,덕명초,2019,홍성,초,자체활용,충청남도 홍성군 광천읍 신진리 402
781,충남,도성초,2014,당진,초,대부,충청남도 당진시 대호지면 사성리 35-9
782,충남,동산초,2015,논산계룡,초,자체활용,충청남도 논산시  양촌면 인천리 66
783,충남,만사초,1992,예산,초,대부,충청남도 예산군 신양면 만사리 156-8
784,충남,면천초 죽동분교,1994,당진,초,자체활용,충청남도 당진시 면천면 죽동리 347-1
785,충남,명봉초,1998,서산,초,자체활용,충청남도 서산시 성연면 명천리 35
786,충남,반포초 마암분교,1991,공주,초,자체활용,충청남도 공주시 반포면 마암리 산 4-2
787,충남,백석포초,2007,아산,초,자체활용,충청남도 아산시 영인면 백석포리 290-4
788,충남,병천초 봉성분교,2007,천안,초,미활용,충청남도 천안시 동남구 병천면  매성리 253
789,충남,복수초 용진분교,2011,금산,초,미활용,충청남도 금산군 복수면 용진리 405-1
790,충남,부리초 부동분교,1998,금산,초,자체활용,충청남도 금산군 부리면 예미리414-4
791,충남,부적초 부남분교,2007,논산계룡,초,대부,충청남도 논산시 부적면 탑정리 256-3
792,충남,산수초,2007,홍성,초,자체활용,충청남도 홍성군 홍북면 산수리 100
793,충남,삼포초,1999,서산,초,미활용,충청남도 서산시 고북면 봉생리 101-2
794,충남,성광초,2011,논산계룡,초,자체활용,충청남도 논산시  성동면 병촌리 351
795,충남,시묘초,1997,논산계룡,초,자체활용,충청남도 논산시 은진면 시묘리 496-1
796,충남,양촌초 장원분교,1997,논산계룡,초,대부,충청남도 논산시 양촌면 산직리 566-2
797,충남,용연초,2000,당진,초,자체활용,충청남도 당진시 용연동 803-3
798,충남,우성초 봉현분교,1993,공주,초,자체활용,충청남도 공주시 우성면 봉현리262-1
799,충남,원북초방갈분교,2021,태안,초,미활용,충청남도 태안군 원북면 방갈리 202
800,충남,원이중 이원분교,2022,태안,중,자체활용,충청남도 태안군 원북면 포지리 291-1
801,충남,월성초,1994,서천,초,자체활용,충청남도 서천군 한산면 나교리 400-1
802,충남,은석초 천북분교,2000,천안,초,대부,충청남도 천안시 동남구 북면 납안리 86
803,충남,인세초,2018,부여,초,대부,"충청남도 부여군 세도면 귀덕리 503,503-1"
804,충남,인지초 인정분교장,2009,서산,초,대부,충청남도 서산시 인지면 모월리 311-2
805,충남,임주초,1995,부여,초,미활용,충청남도 부여군 임천면 구교리 521-1
806,충남,장곡초 반계분교,2016,홍성,초,미활용,충청남도 홍성군 장곡면 천태리 630-4
807,충남,장곡초 오서분교,2015,홍성,초,미활용,충청남도 홍성군 장곡면 광성리 28
808,충남,장기초 송선분교,1998,공주,초,자체활용,충청남도 공주시 송선동 119
809,충남,장신초,1999,예산,초,미활용,충청남도 예산군 광시면 서초정리 490
810,충남,장평중,2020,청양,중,자체활용,충청남도 청양군 장평면 중추리 14
811,충남,정곡초,1992,보령,초,자체활용,충청남도 보령시 주산면 삼곡리 638
812,충남,종천초,1998,서천,초,자체활용,충청남도 서천군 종천면 화산리 191-2
813,충남,주봉초,2017,공주,초,미활용,충청남도 공주시 이인면 주봉리 250-4
814,충남,창미초,1999,보령,초,자체활용,충청남도 보령시 주교면 관창리 815-4
815,충남,탄천초 가척분교,1993,공주,초,미활용,충청남도 공주시 탄천면 가척리 491
816,충남,학계초,1992,홍성,초,자체활용,충청남도 홍성군 홍성읍 학계리 192-3
817,충남,함산초,2002,논산계룡,초,미활용,충청남도 논산시 가야곡면 산노리 50
818,충남,호암초,2012, 논산계룡,초,대부,충청남도 논산시 노성면 호암리 312
819,충남,호암초 삼동분교,1994, 논산계룡,초,대부,충청남도 논산시 노성면 노티리 205-1
820,충남,황화초,2022,논산계룡,초,미활용,충청남도 논산시 연무읍 마전리 811-17
821,인천,길상초 선택분교,2001,강화,초,미활용,인천광역시 인천광역시 길상면 선두리 962-3
822,인천,길상초초지분교,2002,강화,초,대부,인천광역시 인천광역시 길상면 초지리 1140-4
823,인천,난정초,2019,강화,초,자체활용,인천광역시 인천광역시 교동면 난정리 1282
824,인천,내리초,1999,남부,초,대부,인천광역시 인천광역시 영흥면 내리 61
825,인천,대청중소청분교,1998,남부,중,자체활용,인천광역시 인천광역시 대청면 소청리 454-1
826,인천,마리산초,1999,강화,초,대부,인천광역시 인천광역시 화도면 덕포리 1212
827,인천,삼산초 서검분교,2000,강화,초,미활용,인천광역시 인천광역시 삼산면 서검도리 산52-1
828,인천,서도중 볼음분교,2018,강화,중,미활용,인천광역시 인천광역시 서도면 볼음도리596-1
829,인천,서도초 볼음분교,2018,강화,초,미활용,인천광역시 인천광역시 서도면 볼음도리596-1
830,인천,양당초,1999,강화,초,대부,인천광역시 인천광역시 송해면 양오리 632-4
831,인천,양사초서사분교,1998,강화,초,자체활용,인천광역시 인천광역시 양사면 교산리 363-1
832,인천,영흥초선재분교,2015,남부,초,자체활용,인천광역시 인천광역시 영흥면 선재리 3
833,인천,용유초을왕분교,1976,남부,초,자체활용,인천광역시 인천광역시 을왕동 을왕동 762-1
834,인천,인천남중 북도분교,1999,남부,중,미활용,인천광역시 인천광역시 북도면 신도리 628
835,인천,화도초장화분교,1995,강화,초,자체활용,인천광역시 인천광역시 화도면 장화리 336-3
836,인천,효열초,1994,남부,초,자체활용,인천광역시 인천광역시 도화동 235
837,인천,흥왕초,1999,강화,초,자체활용,인천광역시 인천광역시 화도면 흥왕리 361
838,경남,(구)갈전초등학교,1999,진주,초,대부,경상남도 진주시 금산면 갈전리 1441-1
839,경남,(구)구암여자중학교,2017,창원,중,자체활용,경상남도 창원시 마산회원구 구암동 1333
840,경남,(구)김해봉황초등학교,2006,김해,초,미활용,경상남도 김해시  봉황동 129
841,경남,(구)남상초등학교,1999,거창,초,대부,경상남도 거창군 남상면 대산리 128
842,경남,(구)대산초등학교,2007,함안,초,대부,경상남도 함안군 대산면 평림리 398-1
843,경남,(구)문산중학교,2016,진주,중,자체활용,경상남도 진주시 문산읍 삼곡리 640-1
844,경남,(구)미천초등학교,2007,진주,초,미활용,경상남도 진주시 미천면 오방리 141-4
845,경남,(구)북면초등학교,2014,창원,초,자체활용,경상남도 창원시 의창구 북면 동전리 141-3
846,경남,(구)상동초등학교,2013,밀양,초,대부,경상남도 밀양시 상동면 금산리 875-2
847,경남,(구)수남초등학교,2009,김해,초,자체활용,경상남도 김해시 응달동 154-21
848,경남,(구)숭덕초등학교,1998,거제,초,미활용,경상남도 거제시 둔덕면 술역리 28-3
849,경남,(구)양보초등학교,1999,하동,초,자체활용,경상남도 하동군 양보면 장암리 583
850,경남,(구)웅천초등학교,2018,창원,초,자체활용,경상남도 창원시 진해구 성내동 399-4
851,경남,(구)장재초등학교,2015,진주,초,자체활용,경상남도 진주시 장재동 582
852,경남,(구)주촌초등학교,2019,김해,초,자체활용,경상남도 김해시 주촌면 내삼리 652-1
853,경남,(구)진양고등학교,2017,본청,고,자체활용,경상남도 진주시 문산읍 삼곡리 660
854,경남,가례초갑을분교장,1999,의령,초,미활용,경상남도 의령군 가례면 개승리 179-1
855,경남,가북초등학교용암분교장,1997,거창,초,미활용,경상남도 거창군 가북면 용암리 1967
856,경남,가산초등학교,2019,합천,초,미활용,경상남도 합천군 가야면 사촌리 166
857,경남,가인초등학교,1993,밀양,초,대부,경상남도 밀양시 산내면 가인리 539-1
858,경남,거류초대장분교장,1999,고성,초,미활용,경상남도 고성군 동해면 장좌리 756-2
859,경남,거제초등학교법동분교장,1999,거제,초,대부,경상남도 거제시 거제면 법동리 584-2
860,경남,거창초등학교화산분교장,1994,거창,초,자체활용,경상남도 거창군 거창읍 가지리 435-1
861,경남,경호중고등학교,2018,산청,중,자체활용,경상남도 산청군 금서면 화계리 645-2
862,경남,계룡초등학교삼룡분교장,1999,거제,초,자체활용,경상남도 거제시 문동동 601
863,경남,계창초등학교옥천분교장,1994,창녕,초,미활용,경상남도 창녕군 창녕읍 옥천리 711
864,경남,고남초등학교신월분교장,1995,하동,초,대부,경상남도 하동군 고전면 신월리 207-2
865,경남,고성중학교삼산분교장,2016,고성,중,대부,경상남도 고성군 삼산면 미룡리 285
866,경남,고전초등학교고남분교장,2021,하동,초,자체활용,경상남도 하동군 고전면 전도리 417
867,경남,고현중학교,2019,남해,중,미활용,경상남도 남해군 고현면 포상리 152
868,경남,관동초등학교,2012,함안,초,미활용,경상남도 함안군 법수면 강주리 408-2
869,경남,광호초등학교,1999,통영,초,대부,경상남도 통영시 광도면 용호리 206
870,경남,구남중학교구산분교장,1999,창원,중,대부,경상남도 창원시 마산합포구 구산면 수정리 653-2
871,경남,국산초등학교덕포분교장,1999,거제,초,대부,경상남도 거제시 덕포동 542
872,경남,군북초등학교사촌분교장,1999,함안,초,대부,경상남도 함안군 군북면 사촌리 862
873,경남,군북초등학교수곡분교장,1995,함안,초,대부,경상남도 함안군 군북면 수곡리 175
874,경남,궁류초평촌분교장,1998,의령,초,미활용,경상남도 의령군 궁류면 평촌리 595
875,경남,금곡초등학교,1999,김해,초,자체활용,경상남도 김해시 한림면 금곡리 851-3
876,경남,금만초등학교,1998,산청,초,대부,경상남도 산청군 단성면 창촌리 249
877,경남,금진초등학교,1999,사천,초,대부,경상남도 사천시 서포면 금진리 438
878,경남,금호초등학교,1994,산청,초,미활용,경상남도 산청군 차황면 실매리 183
879,경남,김해봉황초등학교이화분교장,1998,김해,초,자체활용,경상남도 김해시 화목동 60-5
880,경남,남명초평산분교,1998,남해,초,대부,경상남도 남해군 남면 평산리 1446
881,경남,남상초등학교임불분교장,1994,거창,초,미활용,경상남도 거창군 남상면 임불리 1107
882,경남,남수중학교,2019,남해,중,미활용,경상남도 남해군 삼동면 지족리 192-7
883,경남,내공초등학교,1994,산청,초,대부,경상남도 산청군 시천면 내공리 627-2
884,경남,내동초등학교나동분교장,1998,진주,초,대부,경상남도 진주시 내동면 삼계리 253-9
885,경남,농산초등학교,1983,거창,초,대부,경상남도 거창군 고제면 궁항리 1181
886,경남,단산초등학교,2009,밀양,초,대부,경상남도 밀양시 산외면 금곡리 83-2
887,경남,단성중학교신안분교장,2008,산청,중,자체활용,경상남도 산청군 신안면 문대리 589-3
888,경남,대곡초등학교마진분교장,1998,진주,초,미활용,경상남도 진주시 대곡면 마진리 195
889,경남,대금초등학교,1998,거제,초,대부,경상남도 거제시 장목면 율천리 49-3
890,경남,대방초등학교실안분교장,2004,사천,초,미활용,경상남도 사천시 실안동 440
891,경남,대성초등학교광일분교장,1999,고성,초,자체활용,경상남도 고성군 거류면 송산로 111
892,경남,대암초등학교,1999,진주,초,대부,경상남도 진주시 집현면 대암리 417
893,경남,대학초등학교,1999,창녕,초,대부,경상남도 창녕군 대지면 본초리 276
894,경남,덕곡중학교,2008,합천,중,미활용,경상남도 합천군  율곡면 와리 384
895,경남,덕오초등학교,2009,진주,초,미활용,경상남도 진주시 집현면 덕오리 725-2
896,경남,도산초등학교도남분교장,1998,통영,초,대부,경상남도 통영시 도산면 저산리 613-1
897,경남,도성초등학교,1994,합천,초,미활용,경상남도 합천군 가회면 도탄리 1078
898,경남,도원초등학교,1999,통영,초,대부,경상남도 통영시 도산면 원산리 933
899,경남,도천초등학교,1997,창녕,초,미활용,경상남도 창녕군 도천면 논리 31
900,경남,동부초등학교가배분교장,1999,거제,초,미활용,경상남도 거제시 동부면 가배리 374
901,경남,동부초등학교동령분교장,1999,거제,초,대부,경상남도 거제시 동부면 오송리 561
902,경남,동부초등학교학동분교장,1999,거제,초,자체활용,경상남도 거제시 동부면 학동리 551
903,경남,동해초등학교대동분교장,1999,고성,초,대부,경상남도 고성군 동해면 용정리 440
904,경남,마리중학교,2016,거창,중,자체활용,경상남도 거창군 마리면 말흘리 347
905,경남,매계초등학교,1998,하동,초,자체활용,경상남도 하동군 악양면 매계리 75
906,경남,명사초등학교다대분교장,2007,거제,초,대부,경상남도 거제시 남부면 다대리 67
907,경남,명사초등학교여차분교장,1996,거제,초,미활용,경상남도 거제시 남부면 다포리 39
908,경남,명사초등학교해금강분교장,1999,거제,초,대부,경상남도 거제시 남부면 갈곶리 262-5
909,경남,명석초등학교계원분교장,1997,진주,초,대부,경상남도 진주시 명석면 계원리 174-1
910,경남,모동초등학교,1999,거창,초,대부,경상남도 거창군 위천면 모동리 729
911,경남,무안초등학교내진분교장,1999,밀양,초,대부,경상남도 밀양시 무안면 양효리 349
912,경남,무안초등학교운정분교장,1997,밀양,초,대부,경상남도 밀양시 무안면 운정리 149-4
913,경남,무안초등학교중산분교장,1999,밀양,초,대부,경상남도 밀양시 무안면 중산리 162-1
914,경남,문현초등학교,1997,함안,초,대부,경상남도 함안군 법수면 대송리 1110
915,경남,물건중학교,2019,남해,중,미활용,경상남도 남해군 삼동면 물건리 166-1
916,경남,미조초등학교호도분교장,1999,남해,초,미활용,경상남도 남해군 미조면 미조리 1160
917,경남,미천중학교,1995,진주,중,대부,경상남도 진주시 미천면 오방리 600
918,경남,밀양중학교청도분교장,2014,밀양,중,자체활용,경상남도 밀양시 청도면 인산리 667-1
919,경남,박달초등학교,1994,하동,초,미활용,경상남도 하동군 양보면 박달리 548-3
920,경남,반동초등학교구복분교장,1997,창원,초,대부,경상남도 창원시 마산합포구 구산면 구복리 275-21
921,경남,반동초등학교욱곡분교장,1999,창원,초,미활용,경상남도 창원시 마산합포구 구산면 내포리 964-1
922,경남,반동초등학교원전분교장,1999,창원,초,미활용,경상남도 창원시 마산합포구 구산면 심리 181-3
923,경남,반성초등학교 남산분교장,1994,진주,초,대부,경상남도 진주시 일반성면 남산리 452-2
924,경남,백산초등학교,2014,밀양,초,대부,경상남도 밀양시 하남읍 백산리 1257-4
925,경남,법수중학교,2020,함안,중,미활용,경상남도 함안군 법수면 우거리 912
926,경남,법수초등학교우거분교장,1999,함안,초,대부,경상남도 함안군 법수면 우거리 789
927,경남,병곡초등학교광월분교장,1997,함양,초,미활용,경상남도 함양군 병곡면 광평리 880
928,경남,봉산초등학교삼덕분교장,1992,합천,초,대부,경상남도 합천군  봉산면 계산리 247
929,경남,봉산초등학교오남분교장,1998,합천,초,미활용,경상남도 합천군 봉산면 권빈리 639
930,경남,봉산초등학교옥계분교장,1999,합천,초,미활용,경상남도 합천군 봉산면 노곡리 918-2 
931,경남,봉황초등학교,1999,밀양,초,대부,경상남도 밀양시 초동면 덕산리 292
932,경남,부북초등학교정진분교장,1998,밀양,초,대부,경상남도 밀양시 부북면 퇴로리 280-5
933,경남,북면초등학교화천분교장,1999,창원,초,미활용,경상남도 창원시 의창구 북면 외감리 168
934,경남,북창선초등학교,1999,남해,초,대부,경상남도 남해군 창선면 대벽리 277
935,경남,북천초등학교대야분교장,1997,하동,초,대부,경상남도 하동군 북천면 화정리 58
936,경남,사남초등학교,1999,사천,초,자체활용,경상남도 사천시 사남면 죽천리 382
937,경남,사동초등학교,1999,사천,초,미활용,경상남도 사천시 사천읍 두량리 260
938,경남,사량초등학교돈지분교장,2012,통영,초,미활용,경상남도 통영시 사량면 돈지리 675
939,경남,사량초등학교양지분교장,2012,통영,초,미활용,경상남도 통영시 사량면 양지리 418-2
940,경남,사량초등학교읍덕분교장,2012,통영,초,대부,경상남도 통영시 사량면 읍덕리 366-1
941,경남,사봉초등학교 부계분교장,1993,진주,초,대부,경상남도 진주시 사봉면 부계리 1159
942,경남,산동초등학교고례분교장,1998,밀양,초,대부,경상남도 밀양시 단장면 고례리 1516-1
943,경남,산수초등학교,1991,거창,초,미활용,경상남도 거창군 신원면 덕산리 714-1
944,경남,산양초등학교미남분교장,1998,통영,초,미활용,경상남도 통영시 산양읍 미남리 401
945,경남,산양초등학교연명분교장,1992,통영,초,대부,경상남도 통영시 산양읍 연화리 1124
946,경남,산양초등학교오비분교장,1998,통영,초,미활용,경상남도 통영시 산양읍 풍화리 1914-2
947,경남,산양초등학교화양분교장,2007,통영,초,대부,경상남도 통영시 산양읍 신전리 889
948,경남,산청중학교,2018,산청,중,자체활용,경상남도 산청군 산청읍 옥산리 747
949,경남,산청중학교차황분교장,2018,산청,중,자체활용,경상남도 산청군 차황면 부리 332-4
950,경남,삼가초등학교자양분교장,1998,합천,초,대부,경상남도 합천군  삼가면 동리 187
951,경남,삼덕초등학교,1993,고성,초,미활용,경상남도 고성군 회화면 삼덕리 1397-3
952,경남,삼락초등학교,1999,고성,초,자체활용,경상남도 고성군 마암면 삼락리 180
953,경남,삼성초등학교가천분교장,1999,사천,초,미활용,경상남도 사천시 사남면 가천리 84
954,경남,삼성초등학교유천분교장,1998,사천,초,대부,경상남도 사천시 사남면 유천리 182
955,경남,삼오초등학교,1999,고성,초,미활용,경상남도 고성군 삼산면 장치리 328
956,경남,삼천포초등학교늑도분교장,2006,사천,초,미활용,경상남도 사천시 늑도동 15
957,경남,상남중학교,2015,밀양,초,자체활용,경상남도 밀양시 상남면 평촌리 735
958,경남,상동중학교,2018,밀양,초,자체활용,경상남도 밀양시 상동면 금산리 887-3
959,경남,상동초등학교,1999,고성,초,대부,경상남도 고성군 상리면 망림리 528-4
960,경남,상동초등학교안인분교장,1993,밀양,초,대부,경상남도 밀양시 상동면 안인리 297-1
961,경남,상북초등학교,1999,창원,초,대부,경상남도 창원시 마산합포구 진북면 추곡리 534
962,경남,생초고등학교,2018,산청,고,미활용,경상남도 산청군 생초면 어서리 413
963,경남,생초중학교,2018,산청,중,미활용,경상남도 산청군 생초면 어서리 417-1
964,경남,서창선초등학교,1999,남해,초,자체활용,경상남도 남해군 창선면 율도리 546
965,경남,서촌초등학교,1999,함안,초,대부,경상남도 함안군 대산면 서촌리 231
966,경남,서포초등학교자혜분교장,1999,사천,초,미활용,경상남도 사천시 서포면  자혜리 519
967,경남,석복초등학교,1999,함양,초,자체활용,경상남도 함양군 함양읍 삼산리 29-3
968,경남,선진초등학교,2012,사천,초,자체활용,경상남도 사천시 용현면 통양리 108
969,경남,성남초등학교,1999,남해,초,대부,경상남도 남해군 이동면 화계리 302
970,경남,성호중학교,1995,남해,중,자체활용,경상남도 남해군 서면 서상리 655-1
971,경남,송남초등학교,1999,남해,초,자체활용,경상남도 남해군 미조면 송정리 1175-4
972,경남,수산초등학교하남대사분교장,2013,밀양,초,자체활용,경상남도 밀양시 하남읍 대사리 242-2
973,경남,수월초등학교,1999,통영,초,대부,경상남도 통영시 도산면 수월리 866-1
974,경남,숭덕초등학교상동분교장,1998,거제,초,대부,경상남도 거제시 둔덕면 상둔리 859-1
975,경남,숭덕초등학교학산분교장,1999,거제,초,대부,경상남도 거제시 둔덕면 학산리 486-3
976,경남,숭덕초등학교화도분교장,2010,거제,초,대부,경상남도 거제시 둔덕면 술역리 808-1
977,경남,숭산초등학교,2019,합천,초,자체활용,경상남도 합천군 가야면  매안리 392
978,경남,신기초등학교,2007,하동,초,자체활용,경상남도 하동군 하동읍 신기리 429-6
979,경남,신안초등학교둔철분교장,1998,산청,초,대부,경상남도 산청군  신안면 안봉리 916-1
980,경남,신월초등학교,1994,김해,초,자체활용,경상남도 김해시 진례면 신월리 440-2
981,경남,신음초등학교,1999,함안,초,자체활용,경상남도 함안군 가야읍 신음리 1034
982,경남,신천초등학교,2014,김해,초,미활용,경상남도 김해시 한림면 신천리 662
983,경남,신천초등학교내대분교장,1992,산청,초,자체활용,경상남도 산청군 시천면 내대리 569
984,경남,신천초등학교중산분교장,2008,산청,초,대부,경상남도 산청군 시천면 중산리 293-4
985,경남,신흥초등학교,1992,하동,초,미활용,경상남도 하동군 북천면 사평리 491-2
986,경남,쌍봉초등학교,1996,거창,초,대부,경상남도 거창군 고제면 봉산리 624
987,경남,안법초등학교,1999,밀양,초,대부,경상남도 밀양시 단장면 안법리 506-3
988,경남,안의초등학교대지분교장,1997,함양,초,자체활용,경상남도 함양군 안의면 신안리 975
989,경남,안태초등학교,1999,밀양,초,대부,경상남도 밀양시 삼랑진읍 안태리 542
990,경남,양곡초등학교귀산분교장,1999,창원,초,대부,경상남도 창원시 성산구 귀산동 499
991,경남,양보중학교,2016,하동,중,자체활용,경상남도 하동군 양보면 운암리 355-1
992,경남,양보초등학교우복분교장,1992,하동,초,대부,경상남도 하동군 양보면 우복리 367-1
993,경남,양지초등학교,1996,고성,초,대부,경상남도 고성군 대가면 연지리 279
994,경남,양촌초등학교,1999,창원,초,대부,경상남도 창원시 마산합포구 진전면 양촌리 390
995,경남,양포초등학교,1999,하동,초,미활용,경상남도 하동군 진교면 양포리 111-1
996,경남,영오초등학교영동분교장,1998,고성,초,대부,경상남도 고성군 영오면 연당리 705
997,경남,오동초등학교,1992,산청,초,대부,경상남도 산청군 신안면 청현리 526
998,경남,옥봉초등학교,1999,창원,초,대부,경상남도 창원시 마산합포구 진전면 임곡리 305-1
999,경남,옥종초등학교두양분교장,1998,하동,초,대부,경상남도 하동군 옥종면 두양리 460
1000,경남,외암초등학교별천분교장,1989,함안,초,미활용,경상남도 함안군 여항면 주동리 352
1001,경남,용주초등학교장전분교장,1991,합천,초,자체활용,경상남도 합천군 용주면 장전리 641
1002,경남,용현초등학교,1992,거창,초,대부,경상남도 거창군 신원면 대현리 86-1
1003,경남,운암초등학교,1993,의령,초,자체활용,경상남도 의령군 가례면 운암리 117
1004,경남,운암초등학교,1999,하동,초,미활용,경상남도 하동군 양보면 운암리 251
1005,경남,원당초등학교,1999,진주,초,대부,경상남도 진주시 수곡면 원외리 2-1
1006,경남,원량초등학교노대분교장,2012,통영,초,미활용,경상남도 통영시 욕지면 노대리 66-3
1007,경남,원량초등학교도덕분교장,2005,통영,초,대부,경상남도 통영시 욕지면 서산리 644
1008,경남,원량초등학교옥동분교장,2008,통영,초,미활용,경상남도 통영시 욕지면 동항리 384-1
1009,경남,월령초등학교,1999,창녕,초,미활용,경상남도 창녕군 영산면 월령리 995-1
1010,경남,월성초등학교,1997,산청,초,자체활용,경상남도 산청군 신안면 신안리 423-3
1011,경남,위천중학교,2016,거창,중,자체활용,경상남도 거창군 위천면 장기리 381
1012,경남,위천중학교북상분교장,2001,거창,초,자체활용,경상남도 거창군 북상면 갈계리 1075-3
1013,경남,유림초등학교화남분교장,1992,함양,초,미활용,경상남도 함양군 유림면 손곡리 280
1014,경남,유어초등학교회룡분교장,1997,창녕,초,자체활용,경상남도 창녕군 유어면 대대리 387-1
1015,경남,율곡초등학교,1999,합천,초,미활용,경상남도 합천군  율곡면 와리 384
1016,경남,율원초등학교,1996,거창,초,대부,경상남도 거창군 신원면 양지리 284-1
1017,경남,이반성초 진산분교장,1999,진주,초,자체활용,경상남도 진주시 이반성면 가산리 151-1
1018,경남,인산초등학교,1993,밀양,초,자체활용,경상남도 밀양시 청도면 인산리 656
1019,경남,일운초등학교구조라분교장,1998,거제,초,대부,경상남도 거제시 일운면 구조라리 58-2
1020,경남,일운초등학교내도분교장,1998,거제,초,대부,경상남도 거제시 일운면 와현리 11-2
1021,경남,일운초등학교망월분교장,1998,거제,초,미활용,경상남도 거제시 일운면 망치리 418-1
1022,경남,일운초등학교예구분교장,1996,거제,초,대부,경상남도 거제시 일운면 와현리 255
1023,경남,입석초등학교,1999,산청,초,미활용,경상남도 산청군 단성면 입석리 1154-2
1024,경남,입석초등학교운리분교장,1993,산청,초,대부,경상남도 산청군 단성면 운리 515
1025,경남,장목초등학교황포분교장,1996,거제,초,미활용,경상남도 거제시 장목면 구영리 735
1026,경남,적량초등학교영신분교장,2007,하동,초,미활용,경상남도 하동군 적량면 동산리 542
1027,경남,정곡초정남분교장,1999,의령,초,미활용,경상남도 의령군 정곡면 백곡리 1162
1028,경남,정동초등학교신월분교장,1994,사천,초,미활용,경상남도 사천시 정동면 소곡리 423
1029,경남,주동초등학교,2019,김해,초,미활용,경상남도 김해시 주촌면 선지리 248-1
1030,경남,주상초등학교보해분교장,1999,거창,초,미활용,경상남도 거창군 주상면 남산리 245
1031,경남,중리초등학교안평분교장,1999,창원,초,미활용,경상남도 창원시 마산회원구 내서읍 평성리 23-2
1032,경남,중유초등학교,1992,거창,초,대부,경상남도 거창군 신원면 중유리 275-1
1033,경남,진교초등학교고이분교장,1992,하동,초,미활용,경상남도 하동군 진교면 고이리 457-1
1034,경남,진교초등학교안심분교장,1992,하동,초,대부,경상남도 하동군 진교면 백련리 352-12
1035,경남,진교초등학교월운분교장,1992,하동,초,대부,경상남도 하동군 진교면 월운리 573-2
1036,경남,진동초등학교태봉분교장,1995,창원,초,자체활용,경상남도 창원시 마산합포구 진동면 태봉리 68
1037,경남,진전초등학교낙동분교장,1999,창원,초,미활용,경상남도 창원시 마산합포구 진전면 시락리 218
1038,경남,진전초등학교여항분교장,1999,창원,초,자체활용,경상남도 창원시 마산합포구 진전면 고사리 542
1039,경남,진해동중학교,2002,창원,중,자체활용,경상남도 창원시 진해구 성내동 396-9
1040,경남,창락초등학교,2007,창녕,초,자체활용,경상남도 창녕군 창녕읍 퇴천리 544
1041,경남,창호초등학교신호분교장,1998,거제,초,대부,경상남도 거제시 사등면 창호리 2126-2
1042,경남,청암초등학교명사분교장,1995,하동,초,대부,경상남도 하동군 청암면 명호리 854-2
1043,경남,청암초등학교상이분교장,1993,하동,초,대부,경상남도 하동군 청암면 상이리 118
1044,경남,초동중학교,2015,밀양,중,자체활용,경상남도 밀양시 초동면 성만리 624-2
1045,경남,초동초등학교반월분교장,1999,밀양,초,대부,경상남도 밀양시 초동면 대곡리 245-3
1046,경남,초전초등학교,1999,사천,초,미활용,경상남도 사천시 사남면 초전리 551-1
1047,경남,충렬초등학교대평분교장,1991,통영,초,대부,경상남도 통영시 평림동 495
1048,경남,칠북초등학교,2015,함안,초,자체활용,경상남도 함안군 칠북면 검단리 980
1049,경남,팔령초등학교,1999,함양,초,미활용,경상남도 함양군 함양읍 구룡리 730-2
1050,경남,평림초등학교,1998,통영,초,대부,경상남도 통영시 평림동 809-1
1051,경남,하일중학교,1999,고성,중,자체활용,경상남도 고성군 하일면 학림리 701-2
1052,경남,하일초등학교장춘분교장,2012,고성,초,미활용,경상남도 고성군 하일면 춘암리 401-2
1053,경남,하청초등학교덕곡분교장,1998,거제,초,대부,경상남도 거제시 하청면 덕곡리 579
1054,경남,한려초등학교영운분교장,2021,통영,초,미활용,경상남도 통영시 산양읍 영운리 860
1055,경남,한림초등학교가산분교장,2009,김해,초,대부,경상남도 김해시 한림면 가산리 191-2
1056,경남,한산초등학교,2013,통영,초,대부,경상남도 통영시 한산면 창좌리 726-1
1057,경남,한산초등학교두억분교장,2003,통영,초,미활용,경상남도 통영시 한산면 두억리 311-2
1058,경남,한산초등학교매물도분교장,2005,통영,초,대부,경상남도 통영시 한산면 매죽리 34-13
1059,경남,한산초등학교비진분교장,2012,통영,초,미활용,경상남도 통영시 한산면 비진리 75-3
1060,경남,한산초등학교용호분교장,2012,통영,초,대부,경상남도 통영시 한산면 용호리 459-1
1061,경남,한산초등학교좌도분교장,1998,통영,초,미활용,경상남도 통영시 한산면 창좌리 174-1
1062,경남,한평초등학교,2018,진주,초,자체활용,경상남도 진주시 대평면 대평리 509
1063,경남,합천중학교봉산분교장,2012,합천,중,대부,경상남도 합천군 봉산면 김봉리 351-1
1064,경남,회화초등학교동창분교장,1998,고성,초,미활용,경상남도 고성군 회화면 어신리 937-1
1065,경남,횡천초등학교전대분교장,1993,하동,초,대부,경상남도 하동군 횡천면 전대리 508
1066,부산,(구)경남여자중학교,2009,남부,중,자체활용,부산광역시 동구 수정5동 563
1067,부산,(구)다대초등학교,2007,서부,초,자체활용,부산광역시 사하구 다대동 1140-1
1068,부산,(구)디자인고등학교,2010,남부,고,자체활용,부산광역시 동구 초량동 1167
1069,부산,(구)명지초등학교,2016,북부,초,자체활용,부산광역시 강서구 명지동 1336
1070,부산,(구)반송중학교,2020,해운대,중,자체활용,부산광역시 해운대구 반송동 250-2696
1071,부산,(구)반여초,2020,해운대,초,미활용,부산광역시 해운대구 반여동 1594-73
1072,부산,(구)부산개성중학교,2005,남부,중,자체활용,부산광역시 부산진구 부전2동 389-25
1073,부산,(구)부산중앙중학교,2012,남부,중,자체활용,부산광역시 부산진구 전포1동 682
1074,부산,(구)송정초등학교,2017,북부,초,자체활용,부산광역시 강서구 송정동 1437-19
1075,부산,(구)연포초등학교,2019,남부,초,자체활용,부산광역시 남구 대연동 1788-2
1076,부산,(구)일광초등학교,2020,해운대,초,자체활용,부산광역시 기장군 일광면 화전리 111
1077,부산,(구)정관초등학교,2010,해운대,초,자체활용,부산광역시 기장군 정관면 방곡리 412
1078,부산,가락중,2022,북부,중,미활용,부산광역시 강서구 죽림동 1090
1079,부산,가락초해포분교장,2004,북부,초,자체활용,부산광역시 강서구 봉림동 738-1714
1080,부산,감정초등학교,2019,서부,초,자체활용,부산광역시 사하구 감천동 10-2
1081,부산,기장중철마분교장,1993,해운대,중,자체활용,부산광역시 기장군 철마면 연구리 594
1082,부산,낙동여자중학교,1998,북부,중,자체활용,부산광역시 강서구 대저1동 421-3
1083,부산,눌차초등학교,2011,북부,초,미활용,부산광역시 강서구 눌차동 587
1084,부산,덕도초등학교,2019,북부,초,자체활용,부산광역시 강서구 강동동 2273-1
1085,부산,덕천여자중학교,2022,북부,중,자체활용,부산광역시 북구 덕천동 485-1
1086,부산,동삼중학교,2019,서부,중,자체활용,부산광역시 영도구  동삼동 331-41
1087,부산,사상중학교,2009,북부,중,자체활용,부산광역시 사상구 덕포동 150-1
1088,부산,삼락초등학교,2000,북부,초,자체활용,부산광역시 사상구 삼락동 365-8
1089,부산,서곡초,2022,동래,초,미활용,부산광역시 금정구 서동 134-13
1090,부산,윤산중학교,2013,동래,중,대부,부산광역시 금정구 금사동 505
1091,부산,일광초학리분교장,2006,해운대,초,자체활용,부산광역시 기장군 일광면 삼성리  717-5
1092,부산,좌성초,2021,남부,초,미활용,부산광역시 동구 범일동 1400
1093,부산,중앙초등학교,2008,남부,초,자체활용,부산광역시 동구 수정동 363-4
1094,부산,천가초장항분교장,2001,북부,초,미활용,부산광역시 강서구 성북동 1290
1095,부산,천가초천성분교장,2011,북부,초,자체활용,부산광역시 강서구 천성동 813
1096,부산,회동초등학교,2018,동래,초,자체활용,부산광역시 금정구 회동동 143-1
1097,대전,대동초,1997,서부,초,대부,대전광역시 유성구 대동 323
1098,대전,용정초 용호분교장,1996,동부,초,자체활용,대전광역시 대덕구 용호동 55
1099,대전,진잠초 방성분교장,1995,서부,초,미활용,대전광역시 유성구 성북동 188-1
1100,전남,(구)곡성중앙초,2005,곡성,중,자체활용,전라남도 곡성 곡성읍 읍내리 192
1101,전남,강진군동중학교,2008,강진,중,자체활용,전라남도 강진 군동면 라천리 161
1102,전남,강진서초영파분교장,1991,강진,초,미활용,전라남도 강진 강진읍 영파리 565
1103,전남,거문중초도분교장,2017,여수,중,미활용,전라남도 여수 삼산면 초도리 산456
1104,전남,거문초덕촌분교장,2019,여수,초,미활용,전라남도 여수 삼산면 덕촌리 814-1
1105,전남,거문초동도분교장,2020,여수,초,미활용,전라남도 여수 삼산면 동도리 1012
1106,전남,거문초서도분교장,2019,여수,초,자체활용,전라남도 여수 삼산면 서도리 25
1107,전남,거문초손죽분교장,2022,여수,초,미활용,전라남도 여수 삼산면 손죽리 산1466
1108,전남,겸면초마삼분교장,2004,곡성,초,대부,전라남도 곡성 겸면 마 전리 5 66
1109,전남,겸백초은덕분교장,1994,보성,초,미활용,전라남도 보성 겸백면 은덕리 19
1110,전남,고서초주산분교장,1999,담양,초,미활용,전라남도 담양 고서면 주산리 516
1111,전남,고흥남초등학교,1995,고흥,초,자체활용,전라남도 고흥 포두면 등암리 326-1
1112,전남,곡성여자중학교,2004,곡성,중,자체활용,전라남도 곡성 곡성읍 읍내리 446-1
1113,전남,곡성입면중학교,2005,곡성,중,자체활용,전라남도 곡성 입면 송전리 5 73
1114,전남,공산고등학교,2013,나주,고,대부,전라남도 나주 공산면 금곡리 819-4
1115,전남,과역동초백일분교장,2007,고흥,초,미활용,전라남도 고흥 과역면 백일리 산908
1116,전남,관산초영성분교장,2008,장흥,초,미활용,전라남도 장흥 관산읍 죽청리 418-3
1117,전남,광양옥룡중학교,2009,광양,중,자체활용,전라남도 광양 옥룡면 용곡리 672
1118,전남,광양태금중학교,2011,광양,중,미활용,전라남도 광양 태인동 303
1119,전남,군곡초등학교,2011,해남,초,대부,전라남도 해남 송지면 군곡리 435
1120,전남,군서북초등학교,1999,영암,초,미활용,전라남도 영암 군서면 해창리 494-2
1121,전남,금산종합고등학교,2015,고흥,고,대부,전라남도 고흥 금산면 대흥리 1176
1122,전남,금성초등학교,1999,여수,초,미활용,전라남도 여수 돌산읍 금성리 475
1123,전남,금정초청룡분교장,1999,영암,초,미활용,전라남도 영암 금정면 청용리 899
1124,전남,금정초한대분교장,1992,영암,초,미활용,전라남도 영암 영암읍 한대리 2
1125,전남,나로고등학교,2014,고흥,고,미활용,전라남도 고흥 봉래면 신금리 838
1126,전남,나산고,2016,함평,고,자체활용,전라남도 함평 나산면 삼축리 1184-3
1127,전남,나산중학교,2017,함평,중,자체활용,전라남도 함평 나산면 삼축리 1166-1
1128,전남,나주여자중학교,1998,나주,중,자체활용,전라남도 나주 교동 118
1129,전남,나주초이화분교장,2008,나주,초,미활용,전라남도 나주 토계동 318
1130,전남,나진초용창분교장,2021,여수,초,자체활용,전라남도 여수 화양면 용주리 1515-17
1131,전남,낙안초창녕분교장,2014,순천,초,대부,전라남도 순천 낙안면 창녕리 572
1132,전남,남면초인암분교장,2011,담양,초,대부,전라남도 담양 남면 인암리 2 38
1133,전남,남성초등학교,1999,고흥,초,대부,전라남도 고흥 포두면 남성리 461
1134,전남,남평동초등학교,1999,나주,초,대부,전라남도 나주 남평읍 우산리 984
1135,전남,노동초금호분교장,1994,보성,초,미활용,전라남도 보성 노동면 금호리 598
1136,전남,노동초학동분교장,1999,보성,초,대부,전라남도 보성 노동면 학동리 501
1137,전남,다도초덕림분교장,1991,나주,초,미활용,전라남도 나주 다도면 덕림리 536
1138,전남,다시남초등학교,1999,나주,초,미활용,전라남도 나주 다시면 문동리 654
1139,전남,다시초국동분교장,1995,나주,초,미활용,전라남도 나주 문평면 국동리 678
1140,전남,대동향교초대신분교장,2008,함평,초,미활용,전라남도 함평 대동면 금산리 422-7
1141,전남,대동향교초동암분교장,1992,함평,초,대부,전라남도 함평 대동면 월송리 424
1142,전남,대서서초등학교,1999,고흥,초,대부,전라남도 고흥 대서면 남정리 550
1143,전남,대서초안남분교장,2008,고흥,초,미활용,전라남도 고흥 대서면 안남리 626
1144,전남,도상초등학교,1996,곡성,초,자체활용,전라남도 곡성 곡성읍 구원리 65
1145,전남,도초중학교,2017,신안,중,자체활용,전라남도 신안 도초면 수항리 1468-3
1146,전남,도포초도신분교장,2008,영암,초,미활용,전라남도 영암 도포면 영호리 194
1147,전남,도포초수산분교장,2008,영암,초,대부,전라남도 영암 도포면 수산리 282-4
1148,전남,도포초영농분교장,2016,영암,초,미활용,전라남도 영암 도포면 영호리 919-10
1149,전남,도화초도화동분교장,1995,고흥,초,미활용,전라남도 고흥 도화면 봉산리 824
1150,전남,돌산중앙초등학교,2007,여수,초,자체활용,전라남도 여수 돌산읍 둔전리 1074
1151,전남,돌산초대신분교장,2005,여수,초,미활용,전라남도 여수 돌산읍 신복리 730
1152,전남,동강초매곡분교장,1997,고흥,초,미활용,전라남도 고흥 동강면 매곡리 413
1153,전남,동면초경복분교장,2001,화순,초,대부,전라남도 화순 동면 복암리 166
1154,전남,동면초옥호분교장,1995,화순,초,미활용,전라남도 화순 동면 옥호리 338
1155,전남,동복초가수분교장,1999,화순,초,미활용,전라남도 화순 동복면 가수리 861
1156,전남,동산초판교분교장,1994,순천,초,미활용,전라남도 순천 서면 판 교리 3 3
1157,전남,두원북초등학교,1999,고흥,초,대부,전라남도 고흥 두원면 용당리 233
1158,전남,두원중학교,2002,고흥,중,대부,전라남도 고흥 두원면 대금리 242
1159,전남,득량서초등학교,1997,보성,초,미활용,전라남도 보성 득량면 마천리 743-1
1160,전남,만덕초용산분교장,1995,담양,초,미활용,전라남도 담양 대덕면 갈전리 687
1161,전남,목사동중학교,2005,곡성,중,자체활용,전라남도 곡성 목사동 면 평리 337
1162,전남,무안북초등학교,1999,무안,초,자체활용,전라남도 무안 무안읍 고절리 759
1163,전남,문평남초등학교,2010,나주,초,미활용,전라남도 나주 문평면 옥당리 1119
1164,전남,방광초등학교,1999,구례,초,자체활용,전라남도 구례 광의면 수월리 500
1165,전남,백초초우두분교장,2013,여수,초,대부,전라남도 여수 돌산읍 우두리 170
1166,전남,벌교초제석분교장,2015,보성,초,미활용,전라남도 보성 벌교읍 장양리 793
1167,전남,벌교초해도분교장,2006,보성,초,미활용,전라남도 보성 벌교읍 장도리 산1-64
1168,전남,법성중안마분교장,2011,영광,중,미활용,전라남도 영광 낙월면 월촌리 산313-3
1169,전남,법성포초진량분교장,2013,영광,초,자체활용,전라남도 영광 법성면 신장리 868
1170,전남,별량남초교,2000,순천,초,대부,전라남도 순천 별량면 대곡리 742-1
1171,전남,별량초마산분교장,2009,순천,초,미활용,전라남도 순천 별량면 마산리 249-1
1172,전남,보성정보통신고,2014,보성,고,자체활용,전라남도 보성 복내면 봉천리 303
1173,전남,보성중웅치분교장,2004,보성,중,미활용,전라남도 보성 웅치면 강산리 339
1174,전남,봉산초양지분교장,2013,담양,초,자체활용,전라남도 담양 봉산면 양지리135-1
1175,전남,봉황초옥산분교장,2006,나주,초,자체활용,전라남도 나주 봉황면 유곡리 980-3
1176,전남,비금고등학교,2014,신안,고,자체활용,전라남도 신안 비금면 덕산리 714
1177,전남,사창초능성분교장,1995,장성,초,미활용,전라남도 장성 삼계면 능성리 599-1
1178,전남,산이서초금호분교장,2018,해남,초,자체활용,전라남도 해남 산이면 금호리 539
1179,전남,산포초덕례분교장,2013,나주,초,자체활용,전라남도 나주 산포면 덕례리 296
1180,전남,삼산초삼화분교장,2002,해남,초,자체활용,전라남도 해남 삼산면 원진리 885
1181,전남,삼서남초등학교,1999,장성,초,미활용,전라남도 장성 삼서면 석마리 661-4
1182,전남,상사초쌍지분교장,2010,순천,초,자체활용,전라남도 순천 상사면 쌍지리 250
1183,전남,서산초등학교,1999,순천,초,자체활용,전라남도 순천 서면 구만리 540
1184,전남,서호북초등학교,1999,영암,초,대부,전라남도 영암 서호면 성재리 1058
1185,전남,석곡초기룡분교장,1996,곡성,초,대부,전라남도 곡성 목사동 면  대곡 리 1041
1186,전남,석곡초명강분교장,1999,곡성,초,대부,전라남도 곡성 석곡면 방송리 538
1187,전남,석곡초염곡분교장,1995,곡성,초,대부,전라남도 곡성 석곡면 염곡리 1033
1188,전남,석곡초욕천분교장,1993,곡성,초,미활용,전라남도 곡성 죽곡면 삼태리 444
1189,전남,석교초용등분교장,2009,진도,초,미활용,전라남도 진도 임회면 백동리 633
1190,전남,성남초,2002,함평,초,대부,전라남도 함평 함평읍 성남리 215
1191,전남,세지북초등학교,2010,나주,초,미활용,전라남도 나주 세지면 내정리 44715
1192,전남,소라중앙초등학교,1992,여수,초,미활용,전라남도 여수 소라면 봉두리 662
1193,전남,손불초용암분교장,2005,함평,초,미활용,전라남도 함평 손불면 죽암리 709
1194,전남,송산초등학교,2010,고흥,초,자체활용,전라남도 고흥 포두면 송산리 981
1195,전남,순천남초삼거분교장,1999,순천,초,대부,전라남도 순천 삼거동 125-1 
1196,전남,순천서면중학교,1998,순천,중,자체활용,전라남도 순천 서면 동산리 107
1197,전남,순천승남중외서분교장,2018,순천,중,자체활용,전라남도 순천 외서면 화전리 288
1198,전남,시종초종남분교장,2013,영암,초,미활용,전라남도 영암 시종면 금지리 1078
1199,전남,신북초신북서분교장,2011,영암,초,대부,전라남도 영암 신북면 학동리 468
1200,전남,아산초노치분교장,1994,화순,초,미활용,전라남도 화순 백아면 노치리 272
1201,전남,아산초서유분교장,2007,화순,초,미활용,전라남도 화순 백아면 서유리 526
1202,전남,아산초송방분교장,1996,화순,초,미활용,전라남도 화순 백아면 방리 385
1203,전남,안양동초등학교,2022,장흥,초,미활용,전라남도 장흥 안양면 수문리 359-2
1204,전남,약수중학교,2018,장성,중,미활용,전라남도 장성 북하면 약수리 428-1
1205,전남,약수초성암분교장,1993,장성,초,자체활용,전라남도 장성 북하면 성함리 632
1206,전남,여안초등학교,2022,여수,초,미활용,전라남도 여수 남면 안도리 991
1207,전남,여안초여남중안도분교장,2020,여수,초,대부,전라남도 여수 남면 안도리 9 36220
1208,전남,연도초여남중연도분교장,2014,여수,초,자체활용,전라남도 여수 남면 연도리 424
1209,전남,연도초역포분교장,2009,여수,초,미활용,전라남도 여수 남면 연 도리 8 81
1210,전남,염산초야월분교장,2013,영광,초,미활용,전라남도 영광 염산면 야월리 300
1211,전남,영광서초등학교,2011,영광,초,미활용,전라남도 영광 영광읍 계송리 667
1212,전남,영광정보산업고,2014,영광,고,미활용,전라남도 영광 낙월면 월촌리 산313-3
1213,전남,영광중불갑분교장,1997,영광,중,미활용,전라남도 영광 불갑면 안맹리 100-1
1214,전남,영광중앙초월송분교장,2019,영광,초,미활용,전라남도 영광 영광읍 덕호리 128
1215,전남,영등초등학교,2004,보성,초,미활용,전라남도 보성 벌교읍 영등리 726
1216,전남,영산포동초등학교,1992,나주,초,자체활용,전라남도 나주 용산동 51-1
1217,전남,영암초학신분교장,1996,영암,초,자체활용,전라남도 영암 영암읍 농덕리 704-2
1218,전남,영창초,2009,함평,초,대부,전라남도 함평 학교면 사거리 172
1219,전남,예당초득량분교장,2008,보성,초,자체활용,전라남도 보성 득량면 송곡리 787
1220,전남,오곡초명성분교장,1992,곡성,초,대부,전라남도 곡성 오곡면 구성리 221
1221,전남,오송초등학교,1996,진도,초,대부,전라남도 진도 지산면 오류리 616-4
1222,전남,옥남초등학교,2008,목포,초,자체활용,전라남도 목포 옥암동 240-1 
1223,전남,옥룡북초동곡분교장,1995,광양,초,자체활용,전라남도 광양 옥룡면 동곡리 762
1224,전남,용포초등학교,2000,화순,초,자체활용,전라남도 화순 동면 백용리 109-1
1225,전남,웅치초등학교,2017,보성,초,미활용,전라남도 보성 웅치면 중산리 50
1226,전남,유달초 율도분교장,2021,목포,초,미활용,전라남도 목포 율도동 261
1227,전남,유치초조양분교장,2001,장흥,초,자체활용,전라남도 장흥 유치면 조양리 695
1228,전남,율촌초산수분교장,2021,여수,초,미활용,전라남도 여수 율촌면 산수리 642
1229,전남,율촌초송도분교장,2001,여수,초,미활용,전라남도 여수 율촌면 여동리 185
1230,전남,의동초등학교,2014,진도,초,미활용,전라남도 진도 의신면 초사리 102
1231,전남,이양초금능분교장,2013,화순,초,자체활용,전라남도 화순 이양면 금능리 80-2
1232,전남,일로여자중학교,1999,무안,중,자체활용,전라남도 무안 일로읍 월암리 350
1233,전남,일로초죽산분교장,2010,무안,초,미활용,전라남도 무안 일로읍 죽산리 22
1234,전남,일로초지감분교장,1999,무안,초,미활용,전라남도 무안 일로읍 감돈리 299
1235,전남,입면초동강분교장,1996,곡성,초,대부,전라남도 곡성 입면 제 월리 4 14
1236,전남,자산초등학교,2012,여수,초,자체활용,전라남도 여수 관문동 8-5
1237,전남,장성신흥중학교,2015,장성,중,미활용,전라남도 장성 북일면 성덕리 36
1238,전남,장암초등학교,1998,보성,초,미활용,전라남도 보성 벌교읍 장암리 710-1
1239,전남,점암초신안분교장,2019,고흥,초,미활용,전라남도 고흥 점암면 신안리 205
1240,전남,조도초동거차분교장,2010,진도,초,자체활용,전라남도 진도 조도면 동거차 도리 30-6
1241,전남,조도초맹골분교장,2000,진도,초,미활용,전라남도 진도 조도면 맹골도 리 74-1
1242,전남,조도초소죽도분교장,2004,진도,초,미활용,전라남도 진도 조도면 서거차 도리 150
1243,전남,조성고등학교,2013,보성,고,자체활용,전라남도 보성 조성면 조성리 905
1244,전남,주암초어왕분교장,2009,순천,초,미활용,전라남도 순천 주암면 어왕리 1
1245,전남,죽곡중학교,2005,곡성,중,자체활용,전라남도 곡성 죽곡면 태평리 614
1246,전남,지산서초등학교,2009,진도,초,대부,전라남도 진도 지산면 가치리 904-3
1247,전남,진도서중학교,1997,진도,중,자체활용,전라남도 진도 진도읍 교동리 589
1248,전남,진상초황죽분교장,2017,광양,초,대부,전라남도 광양 진상면 황죽리 250-18
1249,전남,진월초월길분교장,2014,광양,초,자체활용,전라남도 광양 진월면 월길리 714
1250,전남,천태초봉하분교장,2004,화순,초,대부,전라남도 화순 도암면 봉하리 200
1251,전남,청풍초신석분교장,1996,화순,초,미활용,전라남도 화순 청풍면 신석리 457
1252,전남,초도초광도분교장,1991,여수,초,미활용,전라남도 여수 삼산면 손죽리 산54
1253,전남,초도초등학교,2017,여수,초,자체활용,전라남도 여수 삼산면 초도리 산 456
1254,전남,칠전초등학교,1994,진도,초,대부,전라남도 진도 의신면 칠전리 744
1255,전남,토지초문수분교장,2000,구례,초,대부,전라남도 구례 토지면 문수리 847
1256,전남,토지초외곡분교장,1992,구례,초,미활용,전라남도 구례 토지면 외곡리 543
1257,전남,포두고등학교,1994,고흥,고,자체활용,전라남도 고흥 포두면 길두리 1343-2
1258,전남,포두초 포두동분교장,1995,고흥,초,대부,전라남도 고흥 포두면 차동리 1183
1259,전남,풍양초고옥분교장,2008,고흥,초,대부,전라남도 고흥 풍양면 고옥리 275
1260,전남,풍양초매곡분교장,1992,고흥,초,대부,전라남도 고흥 풍양면 매곡리 638-11
1261,전남,학다리중학교,2017,함평,중,자체활용,전라남도 함평 학교면 사거리 467-1
1262,전남,함평여자고등학교,2018,함평,고,자체활용,전라남도 함평 함평읍 내교리 829-2
1263,전남,해남동초중앙분교장,2004,해남,초,자체활용,전라남도 해남 해남읍 백야리 407
1264,전남,해룡초농주분교장,2011,순천,초,대부,전라남도 순천 해룡면 농주리 12
1265,전남,해제고등학교,2015,무안,고,미활용,전라남도 무안 해제면 신정리 99
1266,전남,해제동초등학교,2009,무안,초,미활용,전라남도 무안 해제면 유월리 561
1267,전남,현경고등학교,2015,무안,고,미활용,전라남도 무안 현경면 외반리 492-1
1268,전남,홍농남초계마분교장,1999,영광,초,자체활용,전라남도 영광 홍농읍 계마리 884
1269,전남,홍농초동명분교장,2010,영광,초,자체활용,전라남도 영광 홍농읍 가곡리 243
1270,전남,화계초여주분교장,1994,고흥,초,미활용,전라남도 고흥 점암면 여호리 244
1271,전남,화순오성초주도분교장,1996,화순,초,대부,전라남도 화순 화순읍 주도리 20
1272,전남,화순초수만분교장,1997,화순,초,미활용,전라남도 화순 화순읍 수만리 75
1273,전남,화원초화봉분교장,2004,해남,초,미활용,전라남도 해남 화원면 화봉리 226
1274,전남,화태초돌산중화태분교장,2022,여수,초,미활용,전라남도 여수 남면 화태리 313
1275,전남,화태초등학교,2022,여수,초,미활용,전라남도 여수 남면 화태리 313
1276,전남,화태초소두라분교장,1992,여수,초,미활용,전라남도 여수 남면 두 라리 4 1
1277,전남,화태초여동분교장,2015,여수,초,미활용,전라남도 여수 남면 횡 간리 2 51
1278,전남,황전북초용림분교장,2011,순천,초,대부,전라남도 순천 황전면 선변리 745
1279,전남,황전초대치분교장,2014,순천,초,대부,전라남도 순천 황전면 대치리 435
1280,전남,황전초평죽분교장,1992,순천,초,대부,전라남도 순천 황전면 평촌리 산193-1
1281,전남,회천동초등학교,2007,보성,초,대부,전라남도 보성 회천면 서당리 659
1282,전남,흥양초등학교,1998,고흥,초,대부,전라남도 고흥 도화면 신호리 287-1
1283,전북,고성초,2006,부안,초,대부,전라북도 부안군 행안면  삼간리 405-1
1284,전북,곰소초 석포분교,1993,부안,초,자체활용,전라북도 부안군 진서면 석포리 546
1285,전북,공음고,1994,고창,고,자체활용,전라북도 고창군 공음면  칠암리 570-1
1286,전북,관청초,2019,정읍,초,자체활용,전라북도 정읍시 고부면 관청리 548
1287,전북,관촌동초,1991,임실,초,자체활용,전라북도 임실군 관촌면 방수리 654-1
1288,전북,관촌초 상월분교,1999,임실,초,대부,전라북도 임실군 관촌면  신전리 107-2
1289,전북,금성초,2018,익산,초,자체활용,전라북도 익산시 성당면 두동리 702
1290,전북,금평초,1991,무주,초,자체활용,전라북도 무주군 무풍면 금평리 1537
1291,전북,난신초,1997,부안,초,자체활용,전라북도 부안군 줄포면 신리 300
1292,전북,내도초,1997,무주,초,자체활용,전라북도 무주군 무주읍  내도리 133-1
1293,전북,내장공원초,1994,정읍,초,자체활용,전라북도 정읍시 내장동 산83
1294,전북,대성고,2004,고창,고,자체활용,전라북도 고창군 대산면 매산리 1157-1
1295,전북,대수초,2006,부안,초,자체활용,전라북도 부안군 백산면  대수리 450-2
1296,전북,도강초,1999,전주,초,자체활용,전라북도 전주시 덕진구  강흥동 124-2
1297,전북,도청초,1995,부안,초,자체활용,전라북도 부안군 변산면  도청리 312-2
1298,전북,마포초,1999,부안,초,대부,전라북도 부안군 변산면  마포리 172
1299,전북,무주동초,1996,무주,초,자체활용,전라북도 무주군 무주읍  오산리 302-2
1300,전북,무주여고,1990,무주,고,자체활용,전라북도 무주군 무주읍  읍내리 472
1301,전북,무주여중,1990,무주,중,자체활용,전라북도 무주군 무주읍 읍내리 472
1302,전북,보안초,2010,부안,초,대부,전라북도 부안군 보안면 하입석리 573-2
1303,전북,봉천초,1998,임실,초,자체활용,전라북도 임실군 오수면  봉천리 172
1304,전북,비안도초,2021,군산,초,미활용,전라북도 군산시 옥도면 비안도리 259
1305,전북,삼례여중,2020,완주,중,자체활용,전라북도 완주군 삼례읍 삼례리 202-7
1306,전북,삼방초,2008,무주,초,자체활용,전라북도 무주군 적상면  삼유리 572
1307,전북,석교초,1994,김제,초,자체활용,전라북도 김제시 백산면 석교리 1-2
1308,전북,선유도초 명도분교,1992,군산,초,미활용,전라북도 군산시 옥도면 말도리 산115-34
1309,전북,선유도초 방축도분교,1992,군산,초,미활용,전라북도 군산시 옥도면 말도리 산130-1
1310,전북,성남초,2011,익산,초,자체활용,전라북도 익산시 망성면  내촌리 92
1311,전북,성동초,1993,순창,초,자체활용,전라북도 순창군 동계면 이동리 11
1312,전북,송북초,1995,남원,초,자체활용,전라북도 남원시 송동면  장국리 631
1313,전북,수당초,1990,부안,초,자체활용,전라북도 부안군 줄포면  우포리 138
1314,전북,아산초 삼인분교,2003,고창,초,자체활용,전라북도 고창군 아산면 삼인리 81
1315,전북,안천초 백화분교,1994,진안,초,자체활용,전라북도 진안군 안천면 백화리 875-1
1316,전북,어청도초 연도분교,2003,군산,초,미활용,전라북도 군산시 옥도면 연도리 37
1317,전북,여산남초,2009,익산,초,자체활용,전라북도 익산시 여산면 원수리 465-4
1318,전북,여산서초,2009,익산,초,자체활용,전라북도 익산시 여산면 두여리 1184-2
1319,전북,오궁초,1995,임실,초,대부,전라북도 임실군 신덕면 지장리 45
1320,전북,용곽초,2010,정읍,초,자체활용,전라북도 정읍시 감곡면 용곽리 256
1321,전북,웅북초,2004,익산,초,자체활용,전라북도 익산시 웅포면 제성리 557-1
1322,전북,원천초 주촌분교,1992,남원,초,자체활용,전라북도 남원시 주천면  송치리 418
1323,전북,원촌초,2010,장수,초,자체활용,전라북도 장수군 계북면  원촌리 1247
1324,전북,위도초 거륜도분교,1992,부안,초,미활용,전라북도 부안군 위도면 거륜도 산2-1
1325,전북,위도초 상왕분교,1992,부안,초,미활용,전라북도 부안군 위도면 상왕등 산143
1326,전북,위도초 하왕분교,1992,부안,초,미활용,전라북도 부안군 위도면 하왕등 산71
1327,전북,의복초,2000,부안,초,대부,전라북도 부안군 계화면 의복리 460
1328,전북,임실서초,1996,임실,초,대부,전라북도 임실군 임실읍 신안리 325
1329,전북,주산초 덕림분교,1999,부안,초,대부,전라북도 부안군 주산면 덕림리 487-30
1330,전북,주산초 석계분교,1998,부안,초,대부,전라북도 부안군 주산면  백석리 579-7
1331,전북,주천상고,2001,진안,고,자체활용,전라북도 진안군 주천면 주양리 75
1332,전북,춘포중,1994,익산,초,자체활용,전라북도 익산시 춘포면 오산리 269-1
1333,전북,평장초,1992,진안,초,자체활용,전라북도 진안군 백운면 평장리 94
1334,전북,풍남중 중인분교,1989,전주,초,자체활용,전라북도 전주시 완산구 중인리 676-1
1335,전북,해성초 내초분교,2017,군산,초,자체활용,전라북도 군산시 내초동 66
1336,전북,회룡초,2012,정읍,초,자체활용,전라북도 정읍시 정우면 회룡리 108-2
1337,세종,영대초등학교,2003,해당없음,초,자체활용,"세종특별자치시 세종시 금남면 영대리 193-2, 4, 5"